id_viaje,tipo_vehiculo,fecha_inicio,hora_inicio,duracion_minutos,distancia_km,costo,zona,edad_usuario,metodo_pago
VJ000035,Bicicleta,2025-07-01,20:49,15.1,2.14,2.7,CENTRO,27.0,BILLETERA DIGITAL
VJ002248,Bici,2025-07-18,08:07,15.6,4.01,,,33.0,efectivo
VJ002713,bicicleta,2025-07-14,07:13,10.7,2.78,1.98,CENTRO,23.0,Billetera digital
VJ001773,BICICLETA,2025-08-27,18:33,15.7,3.09,2.03,Centro,29.0,TARJETA
VJ002858,PATINETA,2025-06-11,07:21,5.3,0.95,1.05,NORTE,38.0,Tarjeta
VJ002158,Bicicleta,2025-08-06,07:09,16.3,3.09,2.54,norte,,tarjeta
VJ002089,Bicicleta,2025-08-05,19:57,17.3,2.77,2.97,SAMBORONDON,56.0,TARJETA
VJ000800,patineta,2025-07-05,07:06,8.4,1.71,0.83, Norte,,
VJ000756, Patineta,2025-07-15,18:16,10.3,2.19,2.07,Norte,40.0,TARJETA
VJ000391, Patineta,2025-08-15,19:11,13.0,3.15,1.69,Norte,39.0,Tarjeta
VJ002151,BICICLETA,2025-07-17,06:54,15.0,3.19,1.91,sur,34.0,Billetera digital
VJ000245,Bici,2025-08-28,12:13,9.7,2.52,1.53,sur,29.0,Billetera digital
VJ002066,Bicicleta,2025-07-13,06:29,1.0,0.1,0.82,Sur,28.0,billetera digital
VJ002478,Bicicleta,2025-08-18,11:20,7.6,1.63,1.02,centro,,tarjeta
VJ002035,BICICLETA,2025-07-23,18:26,20.1,4.53,3.04,Samborondon,44.0,EFECTIVO
VJ002001,Scooter,2025-08-12,10:10,23.9,4.13,3.49,Norte,22.0,Tarjeta
VJ001140,bicicleta,2025-08-11,04:53,20.9,4.12,3.26,Centro ,,Efectivo
VJ002127,Scooter,2025-07-03,19:14,13.3,2.47,2.2, Norte,41.0,TARJETA
VJ002637,bicicleta,2025-06-19,21:48,19.5,2.76,3.13,Norte,49.0,TARJETA
VJ001261,Patineta,2025-07-21,18:44,16.2,2.56,2.03,Norte,29.0,TARJETA
VJ002107, Bicicleta,2025-07-05,13:03,13.8,2.32,,sur,,Efectivo
VJ002613,Bici,2025-07-23,13:37,13.4,3.45,2.7,Centro ,35.0,Billetera digital
VJ001219,bicicleta,2025-07-07,07:34,4.1,0.82,1.22,CENTRO,37.0,TARJETA
VJ002204, Patineta,2025-06-10,19:07,3.3,0.64,0.76,CENTRO,42.0,Tarjeta
VJ001991,bicicleta,2025-06-11,13:06,10.6,2.29,1.79, Norte,,Tarjeta
VJ002115,Bici,2025-06-07,16:22,9.9,1.43,1.92,NORTE,16.0,TARJETA
VJ002311,BICICLETA,2025-06-03,19:06,6.1,1.38,0.88,norte,17.0,Efectivo
VJ000452,PATINETA,2025-08-23,06:41,16.7,3.32,2.74,samborondon,16.0,efectivo
VJ001006, Bicicleta,2025-08-10,13:57,10.2,2.06,1.7, Norte,26.0,billetera digital
VJ001519,BICICLETA,2025-08-06,06:09,15.6,3.19,2.71,Centro,35.0,EFECTIVO
VJ002015,PATINETA,2025-07-14,11:26,33.0,4.77,4.26,norte,30.0,TARJETA
VJ001746,patineta,2025-07-24,18:30,18.9,3.43,2.46,Centro ,16.0,Tarjeta
VJ000403,BICICLETA,2025-07-05,12:15,15.9,2.21,2.01,centro,24.0,Tarjeta
VJ001296,Bici,2025-07-07,02:10,11.4,2.58,1.96,norte,28.0,TARJETA
VJ002154,bicicleta,2025-06-16,07:09,6.9,1.29,1.41,Samborondon,30.0,Efectivo
VJ000163,Bici,2025-06-25,17:20,12.2,2.37,2.53,sur,26.0,Billetera Digital
VJ001723,PATINETA,2025-06-26,18:40,7.1,1.6,0.98,Centro,37.0,EFECTIVO
VJ000648,bicicleta,2025-08-19,17:02,18.1,2.5,2.47,centro,16.0,Billetera digital
VJ002094, Patineta,2025-07-05,12:35,15.0,3.29,2.23,,31.0,tarjeta
VJ001270,bicicleta,2025-06-14,14:00,25.8,4.93,3.21,Centro ,41.0,TARJETA
VJ000637,Bici,2025-06-09,01:27,1.0,0.1,0.51, Norte,23.0,TARJETA
VJ000089,bicicleta,2025-08-12,18:21,24.5,4.08,3.66,NORTE,38.0,efectivo
VJ002289,BICICLETA,2025-07-27,10:46,30.9,4.41,4.53,centro,5.0,TARJETA
VJ001412,patineta,2025-06-02,16:30,1.0,0.1,0.58,Sur,19.0,efectivo
VJ002160,Bicicleta,2025-06-08,10:02,16.6,3.17,2.63,Norte,,BILLETERA DIGITAL
VJ000902,Bicicleta,2025-08-12,13:06,27.6,4.15,3.46,centro,36.0,TARJETA
VJ002476,PATINETA,2025-06-17,08:26,11.8,2.36,1.78,SAMBORONDON,21.0,Tarjeta
VJ000451,Bicicleta,2025-07-06,15:05,12.6,3.35,1.89,SAMBORONDON,35.0,BILLETERA DIGITAL
VJ001426,Scooter,2025-08-06,12:47,7.5,1.97,0.97,Samborondon,56.0,Efectivo
VJ002683,bicicleta,2025-08-22,17:24,14.9,3.15,2.33,NORTE,31.0,Tarjeta
VJ002767,Scooter,2025-08-07,22:57,21.1,3.82,2.66,Norte,33.0,TARJETA
VJ000057,Bici,2025-08-13,19:11,14.2,2.82,2.34,centro,23.0,TARJETA
VJ000809,bicicleta,2025-07-20,19:48,14.4,3.27,,Centro ,21.0,EFECTIVO
VJ001345, Bicicleta,2025-08-15,07:52,21.9,3.96,3.06,centro,,billetera digital
VJ000744,bicicleta,2025-08-29,06:21,21.9,4.3,3.25,Norte,24.0,Efectivo
VJ000761,bicicleta,2025-06-06,07:01,12.8,2.93,,Centro,31.0,EFECTIVO
VJ002541,BICICLETA,2025-08-20,07:25,12.3,2.9,2.26,samborondon,29.0,tarjeta
VJ000364,patineta,2025-08-23,12:56,18.1,3.53,2.74,,22.0,Billetera digital
VJ001625, Patineta,2025-06-11,14:25,10.5,1.67,1.56,samborondon,28.0,Tarjeta
VJ001396,PATINETA,2025-06-10,08:54,16.1,2.49,2.46,CENTRO,44.0,Billetera digital
VJ002650,patineta,2025-07-05,11:58,20.5,3.83,2.58,Norte,34.0,TARJETA
VJ002121,Bicicleta,2025-06-07,17:49,12.4,2.75,1.66,Centro,,Billetera Digital
VJ001689, Bicicleta,2025-06-17,18:00,2.7,0.54,0.7,Sur,29.0,efectivo
VJ000362,Bici,2025-08-10,21:10,9.8,2.28,1.8,Norte,33.0,BILLETERA DIGITAL
VJ000969,Scooter,2025-07-07,11:04,251.6,1.88,1.85,NORTE,25.0,tarjeta
VJ001812,bicicleta,2025-06-03,20:36,11.2,2.74,1.93,Centro ,55.0,Efectivo
VJ001935,bicicleta,2025-06-12,18:43,18.4,4.21,2.62,sur,24.0,EFECTIVO
VJ001855, Patineta,2025-07-11,07:29,21.1,3.52,2.92,sur,35.0,tarjeta
VJ002841,Bici,2025-07-06,17:39,1.9,0.47,0.31,Centro,21.0,efectivo
VJ002183,Scooter,2025-08-25,00:11,11.8,3.02,1.45,CENTRO,29.0,TARJETA
VJ000907,bicicleta,2025-07-09,13:27,7.6,1.73,1.24,norte,32.0,EFECTIVO
VJ001453,Patineta,2025-06-14,13:52,8.7,2.29,1.81,centro,,Tarjeta
VJ001815,patineta,2025-06-03,13:35,7.7,1.87,1.54,Samborondon,24.0,efectivo
VJ002028,Scooter,2025-06-10,12:18,12.6,2.15,2.21,Sur,19.0,tarjeta
VJ001069,Scooter,2025-06-14,11:38,8.2,1.5,1.63,,,Tarjeta
VJ002498,BICICLETA,2025-06-30,12:42,3.6,0.59,0.94,SAMBORONDON,17.0,Tarjeta
VJ002316,bicicleta,2025-06-27,07:18,4.0,0.93,0.74,CENTRO,,Billetera digital
VJ000934,Bici,2025-06-03,08:09,4.9,1.05,1.12,Centro,26.0,EFECTIVO
VJ000538,Scooter,2025-07-09,10:03,6.4,1.43,1.58,norte,24.0,Tarjeta
VJ000402,Bici,2025-07-24,11:30,20.3,2.89,3.34,CENTRO,28.0,tarjeta
VJ001120,Bici,2025-07-06,13:09,23.9,3.36,3.42,Centro,110.0,billetera digital
VJ002453,Patineta,2025-08-01,15:30,1.0,0.1,,norte,37.0,Tarjeta
VJ002389,bicicleta,2025-06-09,12:10,29.2,4.43,3.91, Norte,45.0,Tarjeta
VJ002693, Patineta,2025-08-21,13:23,8.9,1.85,1.36,centro,,Tarjeta
VJ000501,patineta,2025-08-29,09:14,12.6,2.06,1.89,Centro,43.0,Tarjeta
VJ000078,Bici,2025-06-26,19:00,5.8,1.47,1.17,NORTE,37.0,efectivo
VJ002304,BICICLETA,2025-07-10,18:59,5.0,1.31,1.26,Samborondón,,EFECTIVO
VJ001638,Patineta,2025-07-13,11:58,6.9,1.34,1.69,SAMBORONDON,34.0,Billetera Digital
VJ002435,Scooter,2025-06-14,22:54,457.0,2.44,2.11,,29.0,billetera digital
VJ001215,bicicleta,2025-06-06,08:29,15.9,2.49,2.56,NORTE,27.0,Tarjeta
VJ002878, Bicicleta,2025-07-06,07:48,11.7,1.65,1.76,NORTE,34.0,Tarjeta
VJ000834,bicicleta,2025-06-14,18:52,15.7,2.67,2.12,SUR,20.0,Efectivo
VJ000669,Bicicleta,2025-06-20,21:00,13.5,2.31,1.93,norte,23.0,tarjeta
VJ002286,patineta,2025-06-16,06:30,11.8,3.04,1.57,NORTE,29.0,efectivo
VJ001903, Bicicleta,2025-06-24,19:08,16.5,3.32,2.7,CENTRO,31.0,tarjeta
VJ001680,Patineta,2025-06-04,07:37,20.6,3.17,3.12,Centro,,Efectivo
VJ002497,bicicleta,2025-08-10,12:39,8.0,1.91,1.34,centro,33.0,TARJETA
VJ001881, Patineta,2025-06-03,06:44,2.5,0.53,0.69,samborondon,48.0,Efectivo
VJ001058,patineta,2025-06-04,11:24,9.8,2.11,1.74,centro,30.0,TARJETA
VJ001360,BICICLETA,2025-06-09,08:39,6.1,1.55,1.39,centro,34.0,billetera digital
VJ000512,Patineta,2025-06-07,08:48,212.5,2.07,1.4,NORTE,60.0,efectivo
VJ000831,Bici,2025-08-15,19:52,24.4,5.12,3.6,,29.0,tarjeta
VJ001512,bicicleta,2025-08-19,06:04,13.5,3.57,1.91,CENTRO,23.0,
VJ001624,patineta,2025-07-10,07:14,18.3,2.45,2.72,Centro ,30.0,BILLETERA DIGITAL
VJ000957,Bicicleta,2025-06-19,07:15,14.5,3.5,2.02, Norte,32.0,TARJETA
VJ000706, Bicicleta,2025-06-28,06:23,1.0,0.11,0.89,NORTE,23.0,tarjeta
VJ000530, Bicicleta,2025-06-18,18:12,180.2,3.53,2.83,Centro ,23.0,Efectivo
VJ000633,Patineta,2025-07-27,08:23,12.6,2.63,2.15,,,TARJETA
VJ000552,BICICLETA,2025-07-04,19:36,7.4,1.88,1.22,NORTE,17.0,tarjeta
VJ002420,Bicicleta,2025-08-02,17:18,18.2,2.52,3.01,sur,44.0,Efectivo
VJ001735,bicicleta,2025-08-24,08:17,7.8,1.92,,Centro,33.0,Billetera Digital
VJ001808,PATINETA,2025-07-13,11:03,16.9,3.17,2.29,sur,34.0,Tarjeta
VJ000448,bicicleta,2025-06-21,15:11,11.9,2.79,1.46,samborondon,26.0,Tarjeta
VJ001646,Bici,2025-06-10,17:34,14.0,3.62,1.88,Samborondón,38.0,billetera digital
VJ002276,BICICLETA,2025-07-18,19:42,5.1,1.09,0.83,centro,19.0,Tarjeta
VJ002273,Bici,2025-06-02,13:41,3.6,0.76,0.94,SUR,18.0,Tarjeta
VJ000910,PATINETA,2025-08-15,11:34,1.0,0.14,0.3,centro,,Tarjeta
VJ001880,Patineta,2025-06-15,07:48,13.2,3.29,,norte,36.0,TARJETA
VJ001374,BICICLETA,2025-08-18,19:08,7.2,1.28,1.59,Centro ,24.0,tarjeta
VJ000027,Bici,2025-06-29,19:14,8.5,1.8,1.53,Sur,41.0,Tarjeta
VJ001910,Patineta,2025-08-06,21:46,12.5,2.02,1.87,norte,16.0,Tarjeta
VJ000626,patineta,2025-07-02,05:46,19.5,4.97,2.77,Sur,38.0,Tarjeta
VJ000990,PATINETA,2025-08-12,23:32,17.6,0.0,2.24,NORTE,45.0,Tarjeta
VJ001245,Bici,2025-08-09,02:15,9.4,1.64,1.54,NORTE,32.0,TARJETA
VJ000557,Patineta,2025-06-19,06:36,9.3,1.95,1.9,Centro ,43.0,billetera digital
VJ001490, Patineta,2025-06-29,23:57,19.8,4.35,2.69,Centro ,25.0,Tarjeta
VJ000081, Patineta,2025-08-26,09:05,14.8,-2.0,2.49,SAMBORONDON,16.0,Efectivo
VJ001750, Bicicleta,2025-06-04,05:49,13.1,2.45,1.97,,23.0,Billetera Digital
VJ002411,Scooter,2025-08-20,19:03,29.6,5.15,3.98,norte,20.0,billetera digital
VJ002091,bicicleta,2025-06-12,08:14,18.5,3.37,3.13,Sur,34.0,tarjeta
VJ002766,Scooter,2025-07-22,21:43,13.6,3.55,2.16,SAMBORONDON,42.0,Tarjeta
VJ000803,patineta,2025-06-10,06:41,13.0,2.44,1.58,NORTE,36.0,Billetera digital
VJ002305,Scooter,2025-08-16,06:13,23.3,4.12,3.05,NORTE,22.0,TARJETA
VJ002592,bicicleta,2025-08-18,09:44,9.6,-2.0,1.3,centro,34.0,efectivo
VJ000135,Patineta,2025-08-19,19:33,16.2,3.12,2.17,Centro,39.0,Efectivo
VJ002399, Bicicleta,2025-07-12,12:56,9.5,1.84,1.31,norte,50.0,TARJETA
VJ000553,BICICLETA,2025-06-15,09:50,1.0,0.1,0.87,SAMBORONDON,27.0,TARJETA
VJ000953,BICICLETA,2025-08-13,05:02,17.0,3.49,3.2,centro,25.0,EFECTIVO
VJ002242, Bicicleta,2025-06-08,20:15,11.2,1.69,1.17,Norte,42.0,tarjeta
VJ001582,PATINETA,2025-06-24,20:44,11.8,3.02,1.34,centro,33.0,Billetera digital
VJ000167,PATINETA,2025-07-27,14:56,7.4,1.78,1.01,Sur,39.0,Billetera Digital
VJ000457,Scooter,2025-06-16,02:50,14.0,2.59,1.57,Samborondón,19.0,TARJETA
VJ001960,Scooter,2025-06-05,22:44,17.7,4.44,2.96,SAMBORONDON,20.0,Tarjeta
VJ000324,bicicleta,2025-08-02,07:27,11.6,2.62,1.83,centro,30.0,Tarjeta
VJ002806,patineta,2025-07-02,07:54,12.2,2.86,2.3,Norte,36.0,Tarjeta
VJ000862,Bici,2025-06-28,12:42,14.7,2.75,2.24,norte,24.0,Tarjeta
VJ001364,Bici,2025-07-11,06:20,17.5,3.31,2.83, Norte,,tarjeta
VJ001722,Bici,2025-06-09,07:28,290.1,3.02,2.91,Samborondón,23.0,
VJ002058,BICICLETA,2025-07-11,20:22,8.4,1.69,1.54,NORTE,31.0,Billetera Digital
VJ001111, Bicicleta,2025-06-04,07:16,14.7,2.29,2.34,Sur,30.0,Billetera digital
VJ001449,PATINETA,2025-08-24,07:51,9.4,2.23,1.81, Norte,32.0,efectivo
VJ000278,Bicicleta,2025-07-15,21:00,11.7,1.99,2.05,sur,25.0,Tarjeta
VJ002227,patineta,2025-06-29,15:57,25.7,3.7,3.45,centro,34.0,tarjeta
VJ002247,Bici,2025-06-09,09:59,2.7,0.6,0.56,SUR,28.0,TARJETA
VJ002164,Bici,2025-07-25,06:51,18.1,3.51,3.24,Centro ,23.0,BILLETERA DIGITAL
VJ000617,patineta,2025-07-05,15:22,19.8,4.41,2.45,NORTE,35.0,Billetera Digital
VJ000254,Bicicleta,2025-08-03,09:16,18.5,2.74,2.68,sur,34.0,TARJETA
VJ000103,Patineta,2025-06-30,19:13,11.1,2.82,2.43,sur,25.0,BILLETERA DIGITAL
VJ001110,Bicicleta,2025-06-03,07:52,14.0,2.45,2.06,Centro,38.0,TARJETA
VJ000924,patineta,2025-08-04,19:42,16.9,4.04,1.86, Norte,23.0,tarjeta
VJ002963,BICICLETA,2025-07-19,08:47,14.2,2.74,,Centro ,32.0,Billetera Digital
VJ002773, Patineta,2025-07-12,17:20,20.5,3.51,2.84,CENTRO,28.0,tarjeta
VJ002312,Patineta,2025-08-31,12:05,6.2,-2.0,1.0,CENTRO,22.0,TARJETA
VJ001268,Bici,2025-06-20,19:41,6.0,1.59,1.24,Samborondon,37.0,Billetera digital
VJ001577,Bici,2025-07-26,05:38,419.3,2.23,2.16, Norte,36.0,tarjeta
VJ000559,Patineta,2025-06-25,08:17,18.0,3.36,2.47,norte,24.0,EFECTIVO
VJ002462,Bicicleta,2025-08-12,14:13,20.0,4.45,2.89,SAMBORONDON,25.0,Billetera digital
VJ000518, Bicicleta,2025-08-17,07:31,5.6,1.18,1.09,Samborondon,19.0,tarjeta
VJ001055,Scooter,2025-06-25,19:21,9.8,2.36,1.63,Centro,20.0,tarjeta
VJ000776,Bicicleta,2025-06-05,18:30,7.6,1.76,1.99,CENTRO,27.0,Efectivo
VJ002250,Scooter,2025-08-16,07:49,9.2,2.23,1.67,sur,30.0,efectivo
VJ001696, Bicicleta,2025-07-01,15:48,18.8,3.65,2.77,Norte,,billetera digital
VJ000398, Patineta,2025-06-27,22:46,19.6,3.16,2.1, Norte,35.0,TARJETA
VJ001517,Bicicleta,2025-08-14,08:37,3.4,0.81,0.84,Samborondon,17.0,Efectivo
VJ001053,BICICLETA,2025-08-28,19:38,13.0,2.92,1.99,NORTE,32.0,efectivo
VJ000479, Patineta,2025-07-09,17:51,15.4,4.08,2.76,CENTRO,25.0,billetera digital
VJ002810, Bicicleta,2025-08-12,18:41,24.2,4.31,2.72,Norte,30.0,Tarjeta
VJ002129,BICICLETA,2025-06-08,01:52,7.9,1.4,1.16,NORTE,16.0,tarjeta
VJ000425, Patineta,2025-07-14,12:19,13.4,2.69,2.4, Norte,27.0,Tarjeta
VJ002869,Bicicleta,2025-06-01,20:41,17.2,4.15,2.43,Samborondon,33.0,Billetera Digital
VJ002006,patineta,2025-08-25,07:48,19.7,4.77,3.08,CENTRO,39.0,TARJETA
VJ002205,BICICLETA,2025-06-04,07:48,4.7,0.98,0.68,Samborondón,45.0,TARJETA
VJ001720, Bicicleta,2025-07-04,19:53,24.9,3.48,3.44,Centro ,36.0,TARJETA
VJ002574,Scooter,2025-07-15,21:37,15.2,3.46,2.19,CENTRO,27.0,tarjeta
VJ002564, Patineta,2025-08-15,12:24,1.0,0.1,0.66,NORTE,26.0,efectivo
VJ002526,patineta,2025-07-28,20:01,16.6,3.02,2.65,norte,20.0,
VJ000191,BICICLETA,2025-08-05,08:34,4.8,1.09,1.55,Samborondon,26.0,BILLETERA DIGITAL
VJ000730,Bici,2025-06-28,14:44,11.8,2.48,1.8,sur,35.0,Tarjeta
VJ002753,bicicleta,2025-06-02,10:01,13.0,2.14,1.61,CENTRO,16.0,Tarjeta
VJ001020,Scooter,2025-06-14,17:09,12.1,2.16,1.71,Samborondón,41.0,Efectivo
VJ000997,Scooter,2025-07-03,08:04,7.6,1.99,0.86,Norte,16.0,TARJETA
VJ000138,Scooter,2025-08-25,07:02,16.0,4.02,2.76,CENTRO,35.0,tarjeta
VJ001522,patineta,2025-08-05,12:33,1.2,0.19,0.3,centro,36.0,Tarjeta
VJ002483,patineta,2025-07-20,18:33,14.5,3.31,2.1,,31.0,tarjeta
VJ002518,Bicicleta,2025-07-03,12:22,8.4,1.82,0.92,Norte,37.0,TARJETA
VJ000082,bicicleta,2025-07-28,16:04,16.2,3.81,2.62,Centro ,28.0,TARJETA
VJ000179,Bici,2025-06-24,01:44,13.1,2.9,1.77,Sur,,efectivo
VJ002418,Bici,2025-07-09,22:51,17.9,3.2,2.77,Sur,26.0,efectivo
VJ000591,Bicicleta,2025-08-07,07:24,25.9,4.22,3.48,Norte,40.0,BILLETERA DIGITAL
VJ002809,patineta,2025-08-14,07:33,18.2,3.64,2.89,norte,35.0,EFECTIVO
VJ001748,Scooter,2025-06-08,21:46,19.4,2.96,2.64,sur,22.0,Tarjeta
VJ002644,patineta,2025-08-20,18:30,-5.0,0.87,1.06,NORTE,23.0,Tarjeta
VJ002198,BICICLETA,2025-07-23,17:42,11.6,2.83,2.37,,28.0,efectivo
VJ002748,bicicleta,2025-08-12,20:41,6.2,1.32,1.76, Norte,24.0,Efectivo
VJ001697,Bici,2025-06-25,20:28,25.2,3.59,3.33,Centro,46.0,TARJETA
VJ000088,Bicicleta,2025-06-23,09:38,11.2,2.51,1.6,sur,36.0,BILLETERA DIGITAL
VJ002396,Patineta,2025-06-28,20:28,10.5,1.47,1.68,Sur,38.0,Tarjeta
VJ000152,patineta,2025-08-02,16:51,4.1,0.81,1.61,NORTE,27.0,tarjeta
VJ000369, Bicicleta,2025-06-04,19:56,15.5,3.4,93.78,SAMBORONDON,31.0,Tarjeta
VJ000196, Patineta,2025-08-15,09:36,18.4,3.97,2.72,CENTRO,27.0,Tarjeta
VJ000839,Scooter,2025-06-20,10:25,5.1,1.0,1.45,norte,,TARJETA
VJ000237,Bici,2025-07-17,09:22,10.9,2.77,1.61, Norte,,tarjeta
VJ000186, Patineta,2025-07-18,17:29,25.3,4.98,3.81,Norte,27.0,tarjeta
VJ000806,Bicicleta,2025-08-27,12:54,11.3,1.99,1.41,CENTRO,24.0,tarjeta
VJ002182,bicicleta,2025-06-16,15:23,17.6,-2.0,2.42,Norte,39.0,Tarjeta
VJ000964,PATINETA,2025-06-30,19:10,24.3,5.05,3.57,centro,25.0,TARJETA
VJ000105,BICICLETA,2025-08-02,16:27,16.4,3.73,2.3,NORTE,28.0,efectivo
VJ000550,BICICLETA,2025-08-22,18:46,12.1,1.62,1.99,CENTRO,24.0,billetera digital
VJ001693,patineta,2025-08-26,15:51,13.5,2.48,2.21,Samborondón,33.0,Billetera Digital
VJ002100,PATINETA,2025-07-24,08:54,14.8,2.14,1.67,samborondon,20.0,billetera digital
VJ000958,Bicicleta,2025-08-21,07:27,10.6,2.35,1.66,NORTE,42.0,EFECTIVO
VJ000885,patineta,2025-06-06,12:55,401.0,3.42,3.07,norte,,tarjeta
VJ002064,PATINETA,2025-07-13,12:44,9.7,2.22,1.62,centro,32.0,Tarjeta
VJ002348, Patineta,2025-07-23,18:15,7.0,1.28,1.04,Centro,35.0,BILLETERA DIGITAL
VJ000541,Bicicleta,2025-07-20,06:09,20.1,2.93,2.89,CENTRO,25.0,Tarjeta
VJ002802,BICICLETA,2025-06-09,14:46,12.3,3.02,2.0,samborondon,21.0,tarjeta
VJ001145,PATINETA,2025-06-15,19:18,13.7,1.83,2.05,CENTRO,,TARJETA
VJ002112,Patineta,2025-08-16,12:02,9.2,1.98,1.46,centro,29.0,Efectivo
VJ002658,Bicicleta,2025-07-04,13:55,13.7,3.37,2.37,Centro ,34.0,EFECTIVO
VJ001554,Scooter,2025-06-15,08:32,13.5,2.32,1.75,Samborondon,34.0,TARJETA
VJ001157,Patineta,2025-08-11,18:38,12.4,2.89,1.84,SAMBORONDON,34.0,billetera digital
VJ000446,BICICLETA,2025-07-20,14:45,27.8,5.11,4.07,Centro ,,Billetera Digital
VJ000551,Bici,2025-08-17,09:06,13.6,2.67,2.07,Centro,20.0,TARJETA
VJ002905,Bicicleta,2025-07-23,18:07,7.3,1.67,1.3,Centro,40.0,Billetera Digital
VJ000896, Bicicleta,2025-06-25,14:13,8.6,1.72,, Norte,31.0,tarjeta
VJ001837,Bici,2025-07-31,08:33,14.4,3.68,2.98,,17.0,tarjeta
VJ000672,BICICLETA,2025-07-07,07:05,4.0,0.67,0.89,norte,39.0,Tarjeta
VJ002924,PATINETA,2025-07-23,17:06,14.3,3.2,2.36,sur,32.0,efectivo
VJ000486,PATINETA,2025-07-27,20:07,15.5,2.59,2.64,sur,26.0,billetera digital
VJ002546,Bicicleta,2025-06-03,21:33,16.3,4.02,,centro,33.0,Billetera Digital
VJ000828,Bicicleta,2025-07-11,17:58,3.2,0.48,0.54,Samborondón,40.0,tarjeta
VJ001076,Bicicleta,2025-06-03,06:06,10.8,2.66,1.54,Norte,17.0,efectivo
VJ000976,Bicicleta,2025-07-07,21:55,4.0,0.91,0.73, Norte,16.0,Tarjeta
VJ002144,Bici,2025-07-31,06:10,11.9,1.83,2.12,sur,48.0,Billetera digital
VJ000488,Bicicleta,2025-06-24,12:55,11.2,1.93,,centro,28.0,TARJETA
VJ001509,Scooter,2025-08-03,20:06,19.3,3.74,3.02,samborondon,34.0,Billetera Digital
VJ001754,Bicicleta,2025-06-18,23:51,13.5,3.43,2.35,Sur,34.0,TARJETA
VJ000323,Scooter,2025-07-28,04:58,19.3,4.06,3.14,centro,30.0,tarjeta
VJ001760,BICICLETA,2025-06-26,05:58,-1.2,0.1,0.47,sur,39.0,Tarjeta
VJ000768,BICICLETA,2025-07-27,21:41,4.0,0.85,,sur,29.0,Efectivo
VJ001559,Scooter,2025-07-25,07:47,7.1,1.45,1.43,Centro,21.0,EFECTIVO
VJ001440,Patineta,2025-06-17,14:11,8.3,1.74,1.53,samborondon,20.0,billetera digital
VJ001973, Bicicleta,2025-08-09,15:54,2.4,0.6,0.97,SUR,29.0,Billetera digital
VJ000707,Patineta,2025-06-19,19:46,18.7,3.79,2.68,Centro,16.0,Tarjeta
VJ000988,BICICLETA,2025-08-03,19:49,10.2,2.49,160.21,NORTE,43.0,Efectivo
VJ002557, Patineta,2025-06-25,18:36,21.7,3.23,,samborondon,26.0,BILLETERA DIGITAL
VJ002850,Bicicleta,2025-06-01,17:22,19.5,4.12,2.98, Norte,24.0,EFECTIVO
VJ000045,Scooter,2025-07-22,08:31,16.7,3.52,2.47,Centro ,34.0,Billetera Digital
VJ001963, Bicicleta,2025-08-09,14:22,22.2,-2.0,3.26,Centro,43.0,BILLETERA DIGITAL
VJ002082,Scooter,2025-07-03,10:23,4.2,1.08,0.95,Sur,28.0,EFECTIVO
VJ001752,PATINETA,2025-07-27,09:05,3.3,0.79,1.11,CENTRO,36.0,TARJETA
VJ001528, Bicicleta,2025-07-22,22:47,5.2,0.86,1.2, Norte,39.0,BILLETERA DIGITAL
VJ002861, Bicicleta,2025-06-15,20:13,6.9,1.13,1.65,Norte,,tarjeta
VJ000187,Patineta,2025-08-05,19:36,3.3,0.75,0.34,NORTE,27.0,billetera digital
VJ001059,PATINETA,2025-08-01,11:05,12.9,3.04,2.42,norte,18.0,EFECTIVO
VJ002947, Patineta,2025-07-14,16:43,11.3,2.3,1.66,CENTRO,30.0,
VJ000618,Bicicleta,2025-08-22,17:56,21.2,3.35,3.09,CENTRO,34.0,efectivo
VJ002463,Bicicleta,2025-06-27,08:08,7.4,1.84,232.32,Samborondón,22.0,TARJETA
VJ000442, Bicicleta,2025-08-25,21:19,13.0,3.27,2.44,Sur,20.0,EFECTIVO
VJ000049,patineta,2025-07-17,19:02,15.6,2.17,2.39,Norte,26.0,tarjeta
VJ000498,bicicleta,2025-08-07,19:02,4.8,-2.0,1.12,CENTRO,31.0,tarjeta
VJ002569, Bicicleta,2025-08-06,06:38,6.1,1.1,1.19,NORTE,34.0,Tarjeta
VJ000316,Bici,2025-08-07,07:36,21.1,4.51,3.05,samborondon,16.0,Efectivo
VJ000539,patineta,2025-07-29,13:22,1.0,0.1,0.78,,28.0,TARJETA
VJ000912,PATINETA,2025-08-05,22:39,18.0,4.15,2.54,samborondon,35.0,Efectivo
VJ001180,bicicleta,2025-06-07,19:07,10.7,1.9,1.78,SAMBORONDON,,tarjeta
VJ001741,bicicleta,2025-06-11,07:12,18.6,4.56,3.16, Norte,26.0,Billetera Digital
VJ000947,patineta,2025-08-06,08:07,8.7,2.1,1.0,Centro,16.0,Billetera digital
VJ000814,BICICLETA,2025-06-26,11:21,11.0,2.0,1.94,Centro ,26.0,Tarjeta
VJ001019,BICICLETA,2025-06-24,17:19,14.0,2.17,2.21,Sur,17.0,Billetera digital
VJ000857,Bicicleta,2025-08-29,10:35,9.8,2.21,1.82,Sur,27.0,Tarjeta
VJ002580,patineta,2025-06-09,13:53,14.7,2.37,2.12,CENTRO,,Billetera digital
VJ002838,patineta,2025-06-16,05:42,15.6,2.38,2.19,sur,40.0,TARJETA
VJ001907, Patineta,2025-07-18,09:21,10.1,2.19,1.6,Samborondón,37.0,Efectivo
VJ002572, Patineta,2025-06-03,11:36,8.8,2.11,1.6,Norte,33.0,billetera digital
VJ002305,Scooter,2025-08-16,06:13,23.3,4.12,3.05,NORTE,22.0,TARJETA
VJ000376, Patineta,2025-06-27,19:33,5.7,0.0,1.25,Centro ,33.0,Billetera digital
VJ002388,bicicleta,2025-06-14,21:52,16.2,3.12,2.72, Norte,30.0,Billetera Digital
VJ002152,Bici,2025-07-07,19:19,19.2,3.58,2.61,NORTE,37.0,Tarjeta
VJ002017,Scooter,2025-07-18,13:02,13.2,3.43,1.32,sur,43.0,Billetera digital
VJ001359,BICICLETA,2025-07-05,20:21,24.3,4.52,3.31,Centro ,48.0,TARJETA
VJ002833, Bicicleta,2025-07-05,19:38,5.0,0.88,1.46,Sur,,Efectivo
VJ002223,bicicleta,2025-06-07,18:40,8.0,1.65,1.26,centro,110.0,tarjeta
VJ002735,Patineta,2025-06-01,11:54,16.0,2.7,2.73,CENTRO,5.0,BILLETERA DIGITAL
VJ001906,patineta,2025-08-13,07:34,16.3,3.6,2.85, Norte,34.0,Tarjeta
VJ001978,Bici,2025-06-30,07:31,15.8,3.02,2.71, Norte,28.0,Billetera Digital
VJ000793,Scooter,2025-06-11,17:30,1.2,0.2,1.05,samborondon,33.0,tarjeta
VJ000524,bicicleta,2025-06-02,23:47,6.0,1.16,1.04,Centro,28.0,efectivo
VJ000542,patineta,2025-07-29,16:39,17.2,3.16,2.29,Samborondón,16.0,Billetera Digital
VJ000188, Patineta,2025-07-14,14:13,20.7,3.61,3.4,norte,16.0,tarjeta
VJ001485,Patineta,2025-07-05,10:16,1.0,0.1,0.3,centro,42.0,EFECTIVO
VJ000693,BICICLETA,2025-06-23,08:21,14.8,3.78,2.77,Sur,18.0,efectivo
VJ001921,Bicicleta,2025-08-02,20:57,28.1,4.19,3.44,norte,5.0,TARJETA
VJ002252, Bicicleta,2025-06-14,13:09,12.7,2.93,2.05,Centro ,38.0,Billetera digital
VJ001756,Patineta,2025-08-12,21:32,11.0,1.98,1.99,centro,95.0,Billetera Digital
VJ000667, Bicicleta,2025-08-28,19:20,15.6,4.11,2.39,NORTE,17.0,billetera digital
VJ002278,PATINETA,2025-06-15,12:39,16.7,3.71,2.39,Samborondón,42.0,TARJETA
VJ002467,patineta,2025-07-30,17:33,10.9,2.9,2.11,Samborondon,16.0,efectivo
VJ001865,Patineta,2025-08-28,19:29,426.7,2.19,1.29,Centro,22.0,TARJETA
VJ000652,bicicleta,2025-07-03,21:40,10.4,2.76,1.76,norte,20.0,
VJ002102,bicicleta,2025-08-23,07:17,16.4,3.83,2.61,NORTE,,billetera digital
VJ000594,BICICLETA,2025-08-08,09:41,5.8,0.85,1.32,CENTRO,29.0,EFECTIVO
VJ000649,PATINETA,2025-06-02,07:23,15.4,2.96,2.76,Centro ,18.0,Efectivo
VJ001348,Bici,2025-08-08,18:18,10.1,2.04,2.33,Samborondon,16.0,Efectivo
VJ000762, Bicicleta,2025-06-15,18:21,11.3,3.0,1.58,samborondon,25.0,Tarjeta
VJ001610,Patineta,2025-06-26,10:15,10.9,2.45,2.13,Samborondon,35.0,TARJETA
VJ000069,Scooter,2025-06-23,08:41,196.1,2.54,3.01, Norte,24.0,BILLETERA DIGITAL
VJ000421,Scooter,2025-06-13,05:36,14.2,3.28,2.2, Norte,45.0,billetera digital
VJ002639,Patineta,2025-08-30,10:55,4.5,0.75,1.05,CENTRO,28.0,EFECTIVO
VJ001017,PATINETA,2025-06-29,19:09,29.5,4.52,3.96,samborondon,29.0,Efectivo
VJ000581, Bicicleta,2025-06-15,03:57,19.8,4.34,2.79,SUR,27.0,efectivo
VJ000104,bicicleta,2025-06-29,08:05,29.3,4.54,3.93,NORTE,16.0,EFECTIVO
VJ001184,Bici,2025-07-12,13:13,21.6,3.53,3.06,CENTRO,,Billetera Digital
VJ000787,BICICLETA,2025-07-12,20:21,13.8,2.32,2.23,Centro,28.0,tarjeta
VJ001677,patineta,2025-06-20,08:37,-1.2,3.74,3.03,CENTRO,25.0,BILLETERA DIGITAL
VJ000890,Bicicleta,2025-07-06,15:18,4.8,1.14,0.91, Norte,33.0,EFECTIVO
VJ002415,patineta,2025-07-08,13:48,15.6,3.76,1.93,Centro,27.0,Tarjeta
VJ002330, Patineta,2025-08-08,16:31,364.8,1.89,1.48,NORTE,5.0,Efectivo
VJ001565,Patineta,2025-08-21,08:12,15.1,4.0,2.14,Norte,110.0,tarjeta
VJ002456,patineta,2025-07-18,13:04,18.5,4.72,,Norte,39.0,TARJETA
VJ001126,Bici,2025-08-20,19:03,12.1,2.65,1.58,Norte,27.0,efectivo
VJ001292, Bicicleta,2025-08-24,08:33,23.0,4.12,3.54,samborondon,43.0,EFECTIVO
VJ001570,PATINETA,2025-07-09,17:53,20.1,4.34,2.22,Centro,43.0,Tarjeta
VJ001503, Bicicleta,2025-06-18,19:00,1.9,0.4,0.43,Centro,17.0,TARJETA
VJ002848,PATINETA,2025-07-04,04:08,12.4,2.68,2.3,Centro ,40.0,Billetera Digital
VJ001979,Bicicleta,2025-06-29,07:34,5.7,1.24,1.42,norte,46.0,TARJETA
VJ001388,Patineta,2025-07-24,18:20,18.8,3.98,2.61,norte,33.0,Billetera digital
VJ000847, Patineta,2025-07-28,06:32,10.1,2.69,1.53,CENTRO,35.0,Tarjeta
VJ001478,Patineta,2025-06-28,09:45,20.2,2.83,3.07,NORTE,110.0,efectivo
VJ001195,bicicleta,2025-07-18,19:53,14.7,2.78,233.47,NORTE,22.0,TARJETA
VJ002364,Bici,2025-07-02,11:32,1.0,0.1,,Centro ,28.0,tarjeta
VJ001506, Bicicleta,2025-06-12,06:54,-5.0,4.5,3.32,Norte,37.0,Efectivo
VJ002562,Patineta,2025-06-26,22:58,12.2,2.83,2.11,norte,23.0,TARJETA
VJ000238,Bicicleta,2025-06-21,21:54,9.5,2.26,1.29,Centro,33.0,Efectivo
VJ002381,Patineta,2025-06-22,18:12,6.5,1.58,1.62,SUR,27.0,Tarjeta
VJ002889,Bici,2025-06-12,19:17,11.1,2.71,2.0,sur,41.0,Efectivo
VJ000659,PATINETA,2025-07-15,17:10,4.1,0.98,1.25,sur,32.0,Tarjeta
VJ001936,Patineta,2025-08-12,16:12,27.1,4.52,3.58,Norte,46.0,Billetera Digital
VJ001882, Patineta,2025-08-14,22:36,13.8,2.45,1.94,NORTE,25.0,TARJETA
VJ000338,Patineta,2025-06-20,09:04,4.4,0.87,1.17,centro,38.0,Billetera digital
VJ002222,bicicleta,2025-08-09,08:05,28.0,5.0,3.68,samborondon,40.0,Tarjeta
VJ002361,Bicicleta,2025-07-04,18:36,1.0,0.16,0.97,norte,26.0,efectivo
VJ001890,Bicicleta,2025-06-11,10:38,9.3,0.0,1.42,norte,38.0,tarjeta
VJ001337,Scooter,2025-08-28,11:57,10.7,1.71,,Centro,31.0,efectivo
VJ001319, Bicicleta,2025-06-20,05:49,-5.0,3.25,3.32,Samborondón,20.0,Billetera digital
VJ000543,Bicicleta,2025-07-04,17:27,12.5,1.72,1.72,Norte,25.0,Tarjeta
VJ000074, Patineta,2025-08-28,08:27,3.3,0.67,1.11,SUR,18.0,EFECTIVO
VJ001052,patineta,2025-08-01,08:04,8.1,2.06,1.39,Centro,24.0,billetera digital
VJ000205,Patineta,2025-07-24,22:57,323.3,4.72,200.84,Centro ,18.0,Tarjeta
VJ000575,Scooter,2025-06-28,14:09,14.8,2.31,2.12,sur,38.0,Billetera Digital
VJ001459,patineta,2025-06-22,20:19,2.2,0.47,0.73,centro,19.0,TARJETA
VJ001939,BICICLETA,2025-07-26,01:00,6.6,1.55,0.96,NORTE,32.0,Tarjeta
VJ001060,bicicleta,2025-06-27,10:44,10.9,2.62,2.31,sur,31.0,Efectivo
VJ002062,PATINETA,2025-07-09,21:23,5.6,1.11,1.41,centro,24.0,TARJETA
VJ002155,PATINETA,2025-06-24,08:25,10.3,2.53,1.84,Centro,27.0,efectivo
VJ001211,Bicicleta,2025-07-06,10:02,5.3,1.09,1.16,NORTE,36.0,TARJETA
VJ000978, Bicicleta,2025-08-07,12:15,14.9,3.57,2.36,norte,34.0,BILLETERA DIGITAL
VJ002448,BICICLETA,2025-07-27,06:37,12.4,2.74,1.69,CENTRO,,TARJETA
VJ002256,PATINETA,2025-07-19,13:45,5.9,1.33,,Samborondón,39.0,BILLETERA DIGITAL
VJ002920,patineta,2025-08-23,01:25,458.0,4.22,,SAMBORONDON,36.0,Tarjeta
VJ001311,BICICLETA,2025-07-20,16:30,285.2,4.7,3.42,CENTRO,30.0,BILLETERA DIGITAL
VJ002663,Scooter,2025-06-25,16:54,19.4,2.96,82.79,Samborondon,39.0,BILLETERA DIGITAL
VJ001556,Bicicleta,2025-08-17,12:49,13.0,3.07,2.22,Norte,26.0,tarjeta
VJ001212,Scooter,2025-08-16,05:03,6.5,1.49,0.97,Centro ,44.0,Tarjeta
VJ000892,Patineta,2025-07-07,22:39,21.6,3.05,3.38,centro,16.0,BILLETERA DIGITAL
VJ001173,Scooter,2025-06-17,16:32,19.3,3.74,2.58,CENTRO,29.0,Billetera Digital
VJ002891,Bici,2025-06-05,18:14,10.6,1.87,1.6,SUR,25.0,TARJETA
VJ001714,Scooter,2025-06-11,18:15,457.7,2.42,2.24,sur,,TARJETA
VJ002928,Bicicleta,2025-06-26,09:59,5.2,0.99,1.05,Centro ,28.0,tarjeta
VJ000143,bicicleta,2025-07-24,03:06,16.9,3.59,220.35,sur,39.0,TARJETA
VJ000194,Bici,2025-07-09,18:48,5.2,1.16,0.96,centro,35.0,Billetera digital
VJ000224,Bici,2025-07-30,12:33,1.0,0.1,0.3,NORTE,31.0,BILLETERA DIGITAL
VJ000911,Bici,2025-06-29,22:40,12.7,2.76,2.3,Samborondón,26.0,TARJETA
VJ000785,patineta,2025-08-23,08:10,6.3,1.13,1.64,,,EFECTIVO
VJ000169,Bici,2025-06-18,05:25,18.4,3.43,2.47,centro,25.0,Efectivo
VJ001615,BICICLETA,2025-08-30,12:26,4.0,0.92,0.59,SUR,26.0,Billetera Digital
VJ000611,Bici,2025-07-06,12:20,22.1,4.79,3.29,NORTE,33.0,Billetera Digital
VJ000336,Scooter,2025-08-02,18:13,5.8,1.12,0.99,Samborondon,18.0,TARJETA
VJ000582, Bicicleta,2025-08-19,14:57,12.5,3.22,1.89,NORTE,5.0,Billetera Digital
VJ001312,Bicicleta,2025-06-14,15:51,15.8,3.77,,Norte,35.0,Efectivo
VJ000001,Bici,2025-06-28,15:46,2.5,0.36,0.79,Centro ,37.0,Billetera digital
VJ000385,Bici,2025-08-16,20:19,15.0,3.25,1.73,sur,40.0,Efectivo
VJ002507,Scooter,2025-06-30,08:24,17.3,2.87,2.16,Centro,22.0,EFECTIVO
VJ001272,PATINETA,2025-07-31,12:59,15.8,2.66,2.74,Samborondón,29.0,Billetera Digital
VJ001945,bicicleta,2025-06-25,19:12,12.9,2.69,1.75,NORTE,32.0,Tarjeta
VJ001707, Patineta,2025-07-26,13:55,20.9,3.07,3.23,Centro,43.0,Tarjeta
VJ000661,Patineta,2025-07-16,19:22,7.5,1.93,,centro,32.0,TARJETA
VJ002149,Bicicleta,2025-07-28,08:39,16.1,2.91,2.69,Norte,17.0,Efectivo
VJ002997,Bici,2025-06-05,11:56,18.0,3.48,2.5,Samborondon,32.0,Billetera digital
VJ002132,BICICLETA,2025-07-03,19:00,16.1,2.65,2.71,Norte,27.0,BILLETERA DIGITAL
VJ000945,Patineta,2025-07-20,14:20,17.8,3.27,2.87,SAMBORONDON,20.0,efectivo
VJ000256, Bicicleta,2025-06-03,07:15,13.9,1.89,,centro,,EFECTIVO
VJ000221,Bicicleta,2025-08-08,15:53,1.6,0.25,1.1,NORTE,32.0,Efectivo
VJ001612,PATINETA,2025-08-11,22:01,4.2,0.69,0.48,Norte,30.0,Billetera digital
VJ001351,Scooter,2025-08-20,18:55,34.6,4.92,4.95,SUR,16.0,Efectivo
VJ001688,bicicleta,2025-07-03,09:39,14.9,2.83,2.27,norte,23.0,EFECTIVO
VJ001931,PATINETA,2025-07-21,17:48,17.3,3.43,2.1,Samborondon,30.0,Tarjeta
VJ001950,PATINETA,2025-06-04,00:25,21.3,3.79,3.24,CENTRO,23.0,efectivo
VJ001020,Scooter,2025-06-14,17:09,12.1,2.16,1.71,Samborondón,41.0,Efectivo
VJ002387,Bicicleta,2025-08-17,23:30,19.8,4.19,2.55,CENTRO,37.0,EFECTIVO
VJ001998,PATINETA,2025-07-12,09:51,4.9,1.03,0.93,centro,36.0,
VJ001433,Patineta,2025-08-20,16:27,17.6,3.07,2.54,centro,,Tarjeta
VJ001715, Bicicleta,2025-07-25,21:45,18.1,3.26,3.03,samborondon,28.0,Tarjeta
VJ002868, Patineta,2025-07-04,12:30,8.8,2.21,1.91,CENTRO,33.0,Efectivo
VJ001820, Bicicleta,2025-07-18,17:12,17.0,3.57,2.31, Norte,37.0,TARJETA
VJ002327, Patineta,2025-07-25,19:57,13.1,3.29,1.21,Centro ,25.0,tarjeta
VJ000467,patineta,2025-06-11,11:37,26.0,4.21,3.47,Norte,32.0,billetera digital
VJ001676,BICICLETA,2025-07-09,15:40,7.8,1.94,1.06,Centro ,23.0,billetera digital
VJ000258, Bicicleta,2025-08-11,08:25,20.1,4.54,2.88,Centro,,billetera digital
VJ002022,Bici,2025-06-20,10:56,6.5,1.3,0.94,Norte,39.0,TARJETA
VJ001889,Scooter,2025-06-30,12:15,25.8,3.53,3.81,Samborondon,29.0,tarjeta
VJ000170,patineta,2025-08-15,09:12,1.0,0.1,0.3,Norte,16.0,TARJETA
VJ001463,Bicicleta,2025-08-15,19:31,9.3,2.17,1.93,Samborondón,24.0,billetera digital
VJ001138,Bicicleta,2025-08-21,19:22,16.7,3.0,1.75,centro,16.0,Tarjeta
VJ001725,bicicleta,2025-06-06,06:11,15.6,4.09,2.75,NORTE,23.0,Billetera digital
VJ001578,Bici,2025-06-09,09:44,22.0,4.01,3.18,NORTE,41.0,Tarjeta
VJ002888, Bicicleta,2025-08-24,13:13,24.7,4.03,3.57,CENTRO,48.0,Efectivo
VJ002920,patineta,2025-08-23,01:25,458.0,4.22,,SAMBORONDON,36.0,Tarjeta
VJ001164,BICICLETA,2025-06-21,12:32,-5.0,2.99,2.35,Centro ,37.0,TARJETA
VJ002398,PATINETA,2025-06-25,11:39,7.6,1.67,1.22,NORTE,45.0,Billetera digital
VJ000586,Scooter,2025-08-14,22:14,14.6,2.17,2.57,sur,,EFECTIVO
VJ002235,Bicicleta,2025-08-20,07:32,8.9,1.7,1.46,Samborondon,,Billetera Digital
VJ000723,Scooter,2025-08-08,08:28,13.3,2.94,1.94,Samborondon,34.0,tarjeta
VJ001343,BICICLETA,2025-08-22,07:13,5.9,1.4,1.28,,22.0,EFECTIVO
VJ000124,PATINETA,2025-08-05,18:30,17.6,3.86,2.41,CENTRO,16.0,BILLETERA DIGITAL
VJ002184,bicicleta,2025-06-17,20:36,15.4,2.68,2.19,Samborondon,37.0,BILLETERA DIGITAL
VJ000508,PATINETA,2025-08-05,07:52,13.4,3.2,2.4, Norte,33.0,tarjeta
VJ001216,patineta,2025-08-27,07:29,211.5,3.0,3.12,CENTRO,27.0,Tarjeta
VJ002192, Patineta,2025-06-07,05:18,6.7,-2.0,1.24,Samborondón,,billetera digital
VJ002374,PATINETA,2025-07-26,18:29,14.0,2.17,2.44,SAMBORONDON,30.0,Billetera digital
VJ001086, Bicicleta,2025-06-20,06:37,17.1,2.6,3.06,NORTE,37.0,efectivo
VJ000798,Bicicleta,2025-07-08,18:44,448.6,4.55,3.67,Centro ,27.0,TARJETA
VJ000461,Scooter,2025-06-26,00:47,18.9,3.0,2.82, Norte,16.0,Tarjeta
VJ000348,bicicleta,2025-07-21,07:00,14.5,3.16,2.21,Norte,16.0,Billetera digital
VJ001915, Patineta,2025-07-12,05:38,19.0,2.89,2.78,norte,21.0,
VJ001469, Bicicleta,2025-08-25,15:33,2.7,0.55,0.3,,41.0,Tarjeta
VJ001811,BICICLETA,2025-07-31,09:43,9.7,2.17,1.62,norte,32.0,
VJ000046,bicicleta,2025-06-04,22:18,21.6,4.0,177.33,Centro ,18.0,Efectivo
VJ000345,PATINETA,2025-07-02,07:01,6.3,1.35,1.11,NORTE,,Efectivo
VJ001331,patineta,2025-06-04,07:57,9.1,2.28,1.54,samborondon,16.0,BILLETERA DIGITAL
VJ001675,PATINETA,2025-07-13,19:36,1.0,0.1,0.3,NORTE,36.0,Billetera Digital
VJ002065,Scooter,2025-07-27,16:45,23.0,4.12,2.77, Norte,,tarjeta
VJ000154,Patineta,2025-06-22,08:20,14.8,3.63,2.47,centro,95.0,TARJETA
VJ001380,patineta,2025-08-15,20:19,10.9,2.74,1.26, Norte,37.0,efectivo
VJ000878,Bicicleta,2025-08-14,08:17,15.3,2.24,2.15,SAMBORONDON,16.0,Tarjeta
VJ002698,Bicicleta,2025-06-02,19:32,15.8,3.31,195.3,Sur,16.0,TARJETA
VJ000091,Scooter,2025-06-25,18:18,18.8,3.33,2.71,CENTRO,16.0,Tarjeta
VJ002315,patineta,2025-08-21,07:04,12.2,2.62,1.97,NORTE,38.0,billetera digital
VJ000838, Patineta,2025-06-15,22:08,6.6,1.72,1.19,centro,23.0,EFECTIVO
VJ001129,bicicleta,2025-07-25,15:48,13.1,3.4,2.21,Centro,27.0,Billetera digital
VJ000340,Bici,2025-07-25,07:33,6.8,1.17,1.11,NORTE,40.0,TARJETA
VJ002063,Scooter,2025-07-20,13:24,9.4,1.32,1.78,,28.0,tarjeta
VJ002882, Patineta,2025-06-07,09:05,11.8,2.43,1.91,SAMBORONDON,37.0,Tarjeta
VJ002218,BICICLETA,2025-08-09,10:10,14.4,2.64,2.17,centro,20.0,BILLETERA DIGITAL
VJ001501,PATINETA,2025-07-03,18:14,14.2,3.59,2.17,NORTE,34.0,BILLETERA DIGITAL
VJ000971, Patineta,2025-08-22,07:03,11.9,1.59,1.86,Samborondon,,Billetera digital
VJ001256,Bici,2025-07-14,19:51,12.0,2.79,1.67,sur,29.0,TARJETA
VJ002729,Patineta,2025-06-10,05:12,1.0,0.1,0.4,Norte,26.0,Billetera Digital
VJ000059,patineta,2025-08-20,11:29,13.8,2.56,2.32, Norte,25.0,Billetera digital
VJ002110,PATINETA,2025-08-21,18:14,16.0,2.54,2.53,norte,33.0,tarjeta
VJ000499, Patineta,2025-08-21,14:31,14.7,2.92,2.58,SAMBORONDON,16.0,TARJETA
VJ001042,Scooter,2025-07-21,13:28,11.0,2.06,1.92,sur,16.0,Billetera digital
VJ000781,Scooter,2025-08-20,19:53,17.6,3.93,2.35,sur,24.0,TARJETA
VJ002797,patineta,2025-07-09,19:04,10.2,1.93,,samborondon,21.0,efectivo
VJ002781, Bicicleta,2025-06-04,16:15,11.7,2.41,2.18,Samborondon,34.0,tarjeta
VJ000687,BICICLETA,2025-08-19,09:21,5.3,0.94,1.05,NORTE,32.0,
VJ001869, Bicicleta,2025-06-09,07:41,27.8,4.39,3.76,CENTRO,25.0,TARJETA
VJ002887,Patineta,2025-07-17,18:01,9.0,1.57,1.82,centro,29.0,TARJETA
VJ000252,Scooter,2025-08-16,19:08,4.1,0.86,0.79, Norte,40.0,tarjeta
VJ000050,patineta,2025-08-07,18:23,13.6,2.06,1.61,samborondon,34.0,TARJETA
VJ000311,Bicicleta,2025-08-06,19:10,14.5,3.25,2.81,SAMBORONDON,16.0,TARJETA
VJ001416,bicicleta,2025-08-17,07:02,7.1,1.87,1.18, Norte,32.0,Billetera Digital
VJ001937,Bici,2025-06-13,08:24,4.1,0.75,1.16, Norte,19.0,tarjeta
VJ000959, Bicicleta,2025-06-04,08:20,1.0,0.1,0.4,norte,41.0,tarjeta
VJ001494,bicicleta,2025-07-24,11:29,11.5,2.82,1.88,centro,24.0,Tarjeta
VJ002097,Bici,2025-07-03,19:18,12.3,2.97,2.14,Sur,110.0,Tarjeta
VJ001281,Scooter,2025-07-06,15:26,21.6,3.6,3.57,CENTRO,18.0,tarjeta
VJ000794,BICICLETA,2025-06-14,06:50,13.3,3.05,1.68,Centro ,37.0,Tarjeta
VJ001417,PATINETA,2025-08-29,12:52,12.8,1.84,2.97,Norte,31.0,tarjeta
VJ001127, Patineta,2025-07-29,19:13,9.7,1.43,2.2,Centro,16.0,Billetera Digital
VJ001575, Bicicleta,2025-08-30,18:17,4.0,0.86,1.45,Centro ,40.0,Tarjeta
VJ002867,PATINETA,2025-06-16,05:42,21.0,3.86,,NORTE,25.0,Tarjeta
VJ002491,Patineta,2025-06-15,07:29,14.3,2.92,2.23,Centro,28.0,billetera digital
VJ001399,Bicicleta,2025-08-02,11:03,6.6,1.73,1.14,Sur,47.0,BILLETERA DIGITAL
VJ002366,Bici,2025-07-24,11:47,10.6,2.13,1.67,NORTE,24.0,efectivo
VJ001303,patineta,2025-08-14,19:09,21.1,3.04,2.95,centro,28.0,Efectivo
VJ002432,Scooter,2025-08-31,12:11,18.5,3.16,3.44,NORTE,110.0,BILLETERA DIGITAL
VJ001551,patineta,2025-07-22,12:43,11.4,2.74,2.11,Sur,26.0,Billetera digital
VJ000625,bicicleta,2025-06-01,15:27,13.4,1.8,2.01,Sur,41.0,tarjeta
VJ002338,Bici,2025-07-24,19:00,14.4,2.04,2.53, Norte,31.0,BILLETERA DIGITAL
VJ001038,patineta,2025-06-27,08:39,21.9,4.32,2.74,Norte,32.0,TARJETA
VJ002740,Patineta,2025-08-17,11:13,19.5,3.3,,Centro ,28.0,TARJETA
VJ002410,Patineta,2025-06-19,16:38,6.1,1.5,1.65, Norte,18.0,billetera digital
VJ001335,BICICLETA,2025-07-18,08:43,21.6,3.76,3.32,Centro,40.0,tarjeta
VJ001985,Bicicleta,2025-08-05,07:08,16.6,4.15,1.9,SUR,33.0,Tarjeta
VJ001299, Patineta,2025-08-10,13:46,13.9,3.69,2.12,Centro,36.0,TARJETA
VJ000904,Bicicleta,2025-08-11,21:53,26.9,4.48,3.81,CENTRO,29.0,Tarjeta
VJ001249, Bicicleta,2025-08-05,14:57,13.8,1.87,1.72,SAMBORONDON,95.0,tarjeta
VJ000775,Bicicleta,2025-06-02,18:25,16.0,2.46,2.3,Samborondon,26.0,Billetera digital
VJ001913,Bici,2025-06-09,20:25,27.1,3.99,3.88,centro,30.0,BILLETERA DIGITAL
VJ002651,Bici,2025-07-22,08:17,240.0,2.06,1.3,centro,21.0,tarjeta
VJ001048,patineta,2025-07-26,08:01,17.4,3.7,2.35,centro,21.0,Efectivo
VJ000606,BICICLETA,2025-06-06,20:00,12.5,3.1,2.14,NORTE,40.0,TARJETA
VJ000009, Patineta,2025-07-08,23:01,21.1,3.64,127.02,Samborondon,38.0,tarjeta
VJ001028, Bicicleta,2025-06-28,06:29,8.5,2.01,1.0,Samborondon,36.0,TARJETA
VJ002429,Scooter,2025-06-26,18:29,8.3,1.69,1.56,Centro ,52.0,tarjeta
VJ001621,PATINETA,2025-08-18,06:17,4.8,1.0,0.77, Norte,32.0,tarjeta
VJ000774,PATINETA,2025-06-04,21:16,14.6,3.85,1.96,Sur,27.0,Efectivo
VJ000696, Bicicleta,2025-06-13,08:50,8.4,1.27,,SUR,24.0,TARJETA
VJ000370, Bicicleta,2025-07-05,20:11,13.4,2.59,2.24,Samborondon,,Billetera digital
VJ001566, Patineta,2025-06-25,18:07,28.9,4.85,,Norte,16.0,tarjeta
VJ001414, Bicicleta,2025-08-06,08:53,13.7,3.55,2.06,Samborondon,36.0,Billetera digital
VJ002575,PATINETA,2025-07-30,08:51,7.2,1.76,1.57,centro,18.0,Billetera Digital
VJ000383,Bicicleta,2025-06-28,14:03,10.0,1.96,1.32,NORTE,42.0,Tarjeta
VJ000405,BICICLETA,2025-08-09,19:32,5.6,1.4,1.0,SUR,32.0,Billetera Digital
VJ002610,bicicleta,2025-07-10,22:34,9.8,1.43,1.46,samborondon,18.0,
VJ000414,Bici,2025-07-22,20:34,4.9,0.99,,Samborondón,40.0,BILLETERA DIGITAL
VJ000218,Bici,2025-07-26,09:56,8.8,1.44,1.62,NORTE,30.0,Tarjeta
VJ000562, Patineta,2025-07-07,20:42,25.6,3.58,3.08,norte,19.0,Tarjeta
VJ001320,Scooter,2025-06-21,08:26,15.9,3.13,2.53,CENTRO,18.0,tarjeta
VJ000131,Patineta,2025-06-16,06:19,12.6,3.16,2.0,NORTE,,tarjeta
VJ001946,PATINETA,2025-07-15,19:48,23.4,5.45,3.65,norte,29.0,tarjeta
VJ002159,Bicicleta,2025-08-21,21:37,15.1,2.93,1.88,norte,25.0,tarjeta
VJ002549,Bicicleta,2025-07-22,08:22,6.2,1.41,1.29, Norte,22.0,Tarjeta
VJ001350,bicicleta,2025-07-27,20:44,16.6,2.25,1.88,norte,,BILLETERA DIGITAL
VJ000020,BICICLETA,2025-08-07,23:31,14.5,2.46,1.97,NORTE,24.0,Efectivo
VJ000228,Bicicleta,2025-06-05,11:57,16.0,2.35,2.17,Norte,,EFECTIVO
VJ001049,Bicicleta,2025-06-11,08:28,22.8,3.23,3.12,sur,30.0,Tarjeta
VJ000386,bicicleta,2025-08-20,06:08,6.6,1.53,1.44,Centro,20.0,EFECTIVO
VJ001806, Bicicleta,2025-08-19,19:55,15.0,3.09,2.56,centro,34.0,TARJETA
VJ002466,BICICLETA,2025-07-06,08:21,20.7,2.99,,Centro,21.0,EFECTIVO
VJ001613, Bicicleta,2025-06-13,08:44,7.7,1.59,1.72,SAMBORONDON,26.0,TARJETA
VJ002275,bicicleta,2025-06-06,10:43,16.0,2.17,2.65,Sur,,Efectivo
VJ001702, Patineta,2025-08-30,21:27,-1.2,3.01,2.35,SAMBORONDON,30.0,tarjeta
VJ000813,patineta,2025-06-03,11:00,10.0,2.34,1.86,Samborondon,36.0,tarjeta
VJ001266,Scooter,2025-06-28,18:13,9.0,1.2,1.86,Centro,35.0,BILLETERA DIGITAL
VJ001830,PATINETA,2025-06-23,17:59,4.6,0.89,0.78,sur,29.0,BILLETERA DIGITAL
VJ001456,BICICLETA,2025-06-08,14:30,19.8,3.9,3.21,CENTRO,32.0,Billetera Digital
VJ000894,BICICLETA,2025-06-25,20:43,12.1,2.96,1.51,Norte,35.0,Billetera digital
VJ000930,Scooter,2025-06-16,07:04,15.4,2.08,3.01,Centro,51.0,tarjeta
VJ002103,Bicicleta,2025-08-11,15:43,14.2,3.15,1.65,SUR,28.0,Efectivo
VJ001803,BICICLETA,2025-07-27,14:04,18.7,3.17,2.59,SUR,25.0,Billetera Digital
VJ001353, Bicicleta,2025-07-08,12:13,6.1,1.18,1.45,Centro ,21.0,tarjeta
VJ002334,Bici,2025-06-24,07:11,16.9,3.29,2.62,samborondon,,Tarjeta
VJ000866, Bicicleta,2025-06-21,07:55,10.4,1.96,1.84,NORTE,23.0,Tarjeta
VJ002117,BICICLETA,2025-08-16,07:11,9.2,2.32,1.73,Centro ,39.0,EFECTIVO
VJ002259,bicicleta,2025-07-31,09:52,21.4,3.59,3.07,norte,16.0,TARJETA
VJ001629,BICICLETA,2025-08-30,19:06,9.7,2.21,1.65,CENTRO,16.0,BILLETERA DIGITAL
VJ000212,Bici,2025-08-17,13:55,7.7,1.22,1.85,NORTE,25.0,Billetera digital
VJ001113,Patineta,2025-08-13,19:01,1.0,0.19,0.33,Norte,45.0,Tarjeta
VJ002795,Scooter,2025-07-16,19:35,8.0,1.52,1.48,SAMBORONDON,17.0,TARJETA
VJ000198,BICICLETA,2025-06-30,07:15,4.4,0.89,0.72,CENTRO,31.0,TARJETA
VJ000519, Bicicleta,2025-08-19,17:03,22.9,3.44,3.75,Norte,25.0,EFECTIVO
VJ000192,BICICLETA,2025-08-08,07:29,10.7,1.66,2.08,Centro ,31.0,TARJETA
VJ001242, Bicicleta,2025-07-19,12:56,19.0,4.1,2.66, Norte,16.0,BILLETERA DIGITAL
VJ001781,Bici,2025-08-16,14:15,5.4,1.19,1.79,centro,16.0,tarjeta
VJ001186,Bicicleta,2025-08-20,13:20,16.6,2.41,2.07,Sur,48.0,tarjeta
VJ000709,BICICLETA,2025-07-25,06:33,15.5,4.11,2.04,Norte,29.0,efectivo
VJ001904, Bicicleta,2025-06-18,08:58,10.5,1.76,1.64,Sur,20.0,Tarjeta
VJ002608, Bicicleta,2025-07-16,13:42,16.1,3.21,2.46,SUR,41.0,Billetera Digital
VJ002696,Bicicleta,2025-07-27,11:20,17.1,3.42,2.63,Centro ,22.0,Efectivo
VJ000750,Bici,2025-08-27,18:21,12.0,2.5,2.01,SUR,41.0,tarjeta
VJ001798,bicicleta,2025-08-20,06:17,8.9,2.0,1.58,sur,31.0,Tarjeta
VJ002903,Bicicleta,2025-06-01,11:35,5.8,1.33,1.28,Centro ,25.0,TARJETA
VJ002280,BICICLETA,2025-07-12,16:18,7.5,1.93,1.04,NORTE,,EFECTIVO
VJ002357, Bicicleta,2025-06-03,07:49,12.2,2.42,,Norte,40.0,tarjeta
VJ000938, Bicicleta,2025-06-27,16:47,1.0,0.1,0.44,Centro ,45.0,Billetera Digital
VJ001344,patineta,2025-08-15,08:01,22.7,3.12,3.39,centro,28.0,efectivo
VJ000134,Patineta,2025-08-02,07:17,8.3,1.3,,SAMBORONDON,29.0,billetera digital
VJ000516,Patineta,2025-08-22,12:37,14.5,3.67,1.9,samborondon,45.0,Tarjeta
VJ002824, Patineta,2025-08-15,06:43,15.5,2.28,2.76,Norte,16.0,TARJETA
VJ001816,Bicicleta,2025-06-02,20:35,13.0,2.79,2.06, Norte,28.0,Billetera Digital
VJ000751,Scooter,2025-07-18,18:18,16.6,3.9,2.45,Centro ,16.0,tarjeta
VJ000950,Bici,2025-07-25,18:45,4.6,1.14,1.13, Norte,31.0,BILLETERA DIGITAL
VJ000975, Patineta,2025-06-16,18:59,13.5,3.16,2.22,Centro,39.0,TARJETA
VJ000568,bicicleta,2025-06-23,04:44,17.5,3.64,2.88,Sur,38.0,TARJETA
VJ001326, Patineta,2025-08-08,08:56,29.3,5.01,4.08,Centro,29.0,EFECTIVO
VJ001659,Patineta,2025-06-03,12:53,3.1,0.67,1.22, Norte,40.0,EFECTIVO
VJ002956, Bicicleta,2025-08-06,06:57,13.8,2.5,2.33,Centro,33.0,tarjeta
VJ000683,bicicleta,2025-08-14,10:18,-5.0,-0.5,2.23,sur,22.0,Tarjeta
VJ001694,Bicicleta,2025-06-01,13:25,12.8,3.31,243.54,centro,23.0,Efectivo
VJ000670, Patineta,2025-08-18,12:11,1.0,0.1,0.94,NORTE,31.0,tarjeta
VJ002358, Bicicleta,2025-06-03,12:51,21.8,3.43,3.04,SAMBORONDON,25.0,efectivo
VJ001602,bicicleta,2025-06-16,22:30,7.9,1.68,1.91,Centro,28.0,Tarjeta
VJ001849,Bici,2025-08-09,16:32,17.3,4.37,2.55,Norte,18.0,TARJETA
VJ001072,patineta,2025-08-21,09:11,3.7,0.89,0.44, Norte,54.0,tarjeta
VJ002759, Patineta,2025-06-05,17:50,12.7,2.48,1.95,Sur,16.0,Efectivo
VJ000740,PATINETA,2025-07-29,19:53,21.2,2.85,3.42,SAMBORONDON,33.0,Billetera digital
VJ002402, Patineta,2025-08-20,07:31,11.1,2.9,2.03,Norte,24.0,EFECTIVO
VJ000139,patineta,2025-08-23,18:29,19.5,3.78,2.6,centro,25.0,tarjeta
VJ002724,Scooter,2025-07-02,22:45,22.0,3.39,3.59,SUR,110.0,tarjeta
VJ001269,Bicicleta,2025-08-18,18:12,8.1,2.13,1.69,CENTRO,34.0,tarjeta
VJ002061,Patineta,2025-08-08,18:52,13.3,3.03,2.06,SUR,25.0,EFECTIVO
VJ002057,patineta,2025-06-17,18:43,15.4,3.34,2.21, Norte,20.0,Efectivo
VJ001421,Bicicleta,2025-07-22,18:26,11.5,1.97,2.46,Samborondón,25.0,Tarjeta
VJ001709,BICICLETA,2025-06-07,09:35,10.9,2.12,2.05,norte,26.0,Efectivo
VJ000274,Bici,2025-06-04,21:19,12.2,1.67,1.68,norte,16.0,TARJETA
VJ001851,Patineta,2025-07-29,08:57,21.7,5.45,2.6,centro,38.0,EFECTIVO
VJ001948,Bicicleta,2025-08-15,17:51,16.5,3.96,2.75,centro,28.0,Tarjeta
VJ002186,Bici,2025-06-05,06:16,13.0,2.48,1.7,sur,,Billetera digital
VJ001726,PATINETA,2025-06-01,12:26,23.8,3.69,3.09, Norte,16.0,Efectivo
VJ000312,PATINETA,2025-08-28,18:44,17.8,3.88,2.14,Samborondón,38.0,TARJETA
VJ002303,Bici,2025-06-21,19:43,4.2,0.68,1.0,Samborondon,,efectivo
VJ000982,patineta,2025-07-22,12:47,11.5,2.24,1.81,norte,31.0,Billetera Digital
VJ002328, Bicicleta,2025-07-23,21:44,17.8,2.84,2.89,SAMBORONDON,,Billetera digital
VJ002567,Patineta,2025-06-02,20:56,12.2,2.29,1.36,Norte,24.0,TARJETA
VJ000423,BICICLETA,2025-07-19,18:42,18.5,2.8,2.88, Norte,28.0,TARJETA
VJ001964,PATINETA,2025-07-04,08:06,12.4,2.54,2.17,CENTRO,19.0,Tarjeta
VJ001953,Bici,2025-08-09,19:36,2.9,0.61,1.03,CENTRO,,BILLETERA DIGITAL
VJ001651,BICICLETA,2025-06-29,12:50,8.6,1.35,1.2,Sur,25.0,TARJETA
VJ002375,bicicleta,2025-07-09,23:17,11.1,2.41,1.65,Samborondon,23.0,TARJETA
VJ001821,BICICLETA,2025-06-30,19:25,10.6,2.14,1.56,CENTRO,20.0,TARJETA
VJ000777,BICICLETA,2025-06-18,14:25,21.9,4.37,2.88,NORTE,26.0,EFECTIVO
VJ001637, Bicicleta,2025-07-03,03:02,39.5,5.28,5.8,Centro,32.0,TARJETA
VJ002935,bicicleta,2025-06-17,09:57,4.7,0.79,1.23,NORTE,26.0,tarjeta
VJ001662, Bicicleta,2025-06-06,07:00,5.1,1.23,1.45,norte,31.0,Tarjeta
VJ001511,Bicicleta,2025-08-27,20:18,475.1,2.03,1.77,norte,,tarjeta
VJ000090, Bicicleta,2025-06-06,19:22,3.3,0.45,0.9,Sur,36.0,billetera digital
VJ000061,Patineta,2025-08-12,07:42,14.7,2.42,2.57,Samborondon,25.0,Efectivo
VJ002851,patineta,2025-06-30,07:43,18.0,4.2,2.32,Samborondon,,tarjeta
VJ000367, Patineta,2025-07-04,13:14,9.2,1.53,,Centro,22.0,Efectivo
VJ001595,Scooter,2025-08-26,17:22,24.1,4.5,3.39,Centro,25.0,BILLETERA DIGITAL
VJ000435,bicicleta,2025-06-03,20:41,24.0,4.69,3.4,Centro ,27.0,BILLETERA DIGITAL
VJ001415,Bicicleta,2025-06-13,17:45,13.6,2.5,2.54, Norte,33.0,TARJETA
VJ002942,patineta,2025-08-07,08:36,8.6,1.97,1.23,CENTRO,25.0,EFECTIVO
VJ001423,Bici,2025-07-18,21:54,10.3,2.26,2.04,NORTE,19.0,
VJ002664,PATINETA,2025-07-11,16:38,13.0,3.39,1.88,centro,45.0,BILLETERA DIGITAL
VJ000767,bicicleta,2025-07-10,10:59,9.6,1.79,1.33,Centro ,41.0,efectivo
VJ000826,Bicicleta,2025-07-19,17:02,12.5,2.33,1.78,samborondon,40.0,TARJETA
VJ000390,bicicleta,2025-06-27,01:49,5.4,1.18,0.9,CENTRO,30.0,tarjeta
VJ000302, Bicicleta,2025-06-24,01:08,9.4,2.22,1.66,Norte,23.0,TARJETA
VJ002133,Patineta,2025-07-09,13:36,15.2,2.71,2.12, Norte,24.0,
VJ000949, Bicicleta,2025-06-26,21:59,10.7,2.16,203.76,Samborondon,24.0,billetera digital
VJ001585,Scooter,2025-08-02,08:23,9.9,2.41,1.78,CENTRO,22.0,EFECTIVO
VJ001189,BICICLETA,2025-06-26,23:06,2.8,0.51,0.91, Norte,31.0,TARJETA
VJ001357,Scooter,2025-06-23,10:47,7.8,1.61,1.45,centro,,TARJETA
VJ000023,bicicleta,2025-06-23,08:20,8.4,2.18,1.26,Samborondón,39.0,BILLETERA DIGITAL
VJ002804,bicicleta,2025-07-30,07:20,13.2,2.35,2.55,norte,16.0,Tarjeta
VJ001500,BICICLETA,2025-06-04,19:30,16.7,2.85,2.89,sur,43.0,TARJETA
VJ000343,Bici,2025-08-05,11:32,8.2,2.1,1.52,Norte,18.0,Tarjeta
VJ000801,Bicicleta,2025-08-26,17:43,13.1,1.98,1.47,CENTRO,31.0,TARJETA
VJ002482,Patineta,2025-06-17,17:10,5.9,1.51,1.6,NORTE,33.0,efectivo
VJ002438,Bici,2025-08-18,11:02,26.2,3.53,3.94,Samborondon,36.0,Efectivo
VJ001449,PATINETA,2025-08-24,07:51,9.4,2.23,1.81, Norte,32.0,efectivo
VJ000578,Bicicleta,2025-08-01,15:58,13.7,2.91,,samborondon,35.0,Billetera digital
VJ000584,BICICLETA,2025-08-31,08:58,7.4,1.62,,CENTRO,25.0,tarjeta
VJ001934, Bicicleta,2025-06-23,19:30,17.8,3.72,2.95,centro,,TARJETA
VJ002582,Patineta,2025-08-02,17:09,8.5,2.1,,centro,23.0,TARJETA
VJ000043,patineta,2025-08-28,14:03,1.5,0.31,0.65,SUR,31.0,EFECTIVO
VJ000121,Bicicleta,2025-07-15,16:28,16.0,2.42,2.54,Sur,,tarjeta
VJ002225,patineta,2025-06-20,21:24,20.3,4.19,2.73,NORTE,16.0,EFECTIVO
VJ002007,patineta,2025-07-16,11:38,16.1,3.43,2.47,CENTRO,29.0,tarjeta
VJ000079,patineta,2025-07-25,18:37,10.8,2.64,2.04,,23.0,Tarjeta
VJ002675,PATINETA,2025-08-10,09:01,8.4,1.62,1.32,SAMBORONDON,5.0,tarjeta
VJ001524,PATINETA,2025-06-23,15:40,8.1,1.73,1.09,NORTE,30.0,Tarjeta
VJ000270,patineta,2025-08-24,18:08,5.3,1.37,1.21,Centro,30.0,TARJETA
VJ000859,Bici,2025-06-22,13:30,2.8,0.6,0.9,NORTE,27.0,tarjeta
VJ000713,Scooter,2025-07-12,12:03,1.0,0.1,,Centro,29.0,TARJETA
VJ000357, Patineta,2025-06-26,21:26,5.3,0.8,1.24,Centro,34.0,billetera digital
VJ001795,Bici,2025-06-11,18:36,15.5,3.34,2.33, Norte,45.0,Tarjeta
VJ002220, Bicicleta,2025-07-04,07:54,5.6,1.01,1.5,Centro,16.0,Billetera Digital
VJ000677,PATINETA,2025-06-03,05:38,13.0,3.14,1.93,Sur,16.0,TARJETA
VJ000935,Scooter,2025-08-08,15:21,29.4,4.13,184.98,SAMBORONDON,33.0,EFECTIVO
VJ001002,Bicicleta,2025-08-24,10:56,13.6,2.14,2.37,Centro ,22.0,Billetera digital
VJ001645,Bicicleta,2025-07-20,06:54,12.5,2.84,2.5,SAMBORONDON,26.0,EFECTIVO
VJ000992,Bici,2025-07-11,17:53,10.5,2.24,0.81, Norte,23.0,Tarjeta
VJ000434,BICICLETA,2025-08-25,08:45,7.1,1.68,0.82,SUR,39.0,tarjeta
VJ001504,Bici,2025-08-14,01:34,17.1,3.26,2.87,centro,21.0,tarjeta
VJ002414,BICICLETA,2025-07-25,11:19,12.6,2.56,2.22,Norte,38.0,tarjeta
VJ001406,patineta,2025-08-15,00:01,19.2,4.28,,Samborondón,42.0,Efectivo
VJ002134,Patineta,2025-08-25,11:17,24.7,3.3,3.3,centro,,tarjeta
VJ001684,Bicicleta,2025-06-09,06:55,5.8,1.39,1.56,,42.0,TARJETA
VJ001252,BICICLETA,2025-06-26,07:39,19.7,3.81,2.91,Samborondón,34.0,tarjeta
VJ001027,BICICLETA,2025-08-18,07:07,19.0,3.24,2.56,Samborondón,39.0,EFECTIVO
VJ002128, Bicicleta,2025-07-18,19:44,31.1,4.57,3.74,Centro ,27.0,Efectivo
VJ000032,Bicicleta,2025-08-21,18:57,12.6,2.06,1.91,centro,35.0,billetera digital
VJ001162,bicicleta,2025-07-16,00:07,5.3,0.98,1.81,centro,35.0,efectivo
VJ000275,Bici,2025-07-25,11:47,13.8,2.56,2.28, Norte,16.0,BILLETERA DIGITAL
VJ001523, Patineta,2025-07-14,14:15,12.6,2.23,2.25,centro,43.0,tarjeta
VJ000271,bicicleta,2025-07-30,18:59,1.0,0.1,0.4, Norte,110.0,billetera digital
VJ002246,Patineta,2025-08-03,15:25,22.9,3.92,3.68,Norte,25.0,BILLETERA DIGITAL
VJ002296,Patineta,2025-06-19,14:34,25.8,3.56,,centro,22.0,Billetera Digital
VJ002864,Bici,2025-08-04,13:32,10.0,1.99,1.81,centro,38.0,BILLETERA DIGITAL
VJ002857,Bici,2025-08-18,09:41,17.6,3.82,2.62,sur,36.0,EFECTIVO
VJ001300,Patineta,2025-06-24,12:37,15.2,3.09,2.14,Norte,110.0,tarjeta
VJ002697,bicicleta,2025-08-21,23:54,12.1,2.99,1.96,Sur,35.0,BILLETERA DIGITAL
VJ000615,Bici,2025-08-06,15:21,435.3,1.89,1.3,Sur,31.0,Tarjeta
VJ002322,patineta,2025-08-14,18:34,21.9,3.31,3.05,Centro,49.0,BILLETERA DIGITAL
VJ000497, Patineta,2025-08-23,20:00,22.2,3.27,3.27,Centro ,25.0,TARJETA
VJ000284,patineta,2025-08-22,05:48,14.5,3.64,2.36,Samborondon,18.0,
VJ000072,Scooter,2025-08-10,10:35,18.6,3.31,2.67,sur,38.0,billetera digital
VJ000876,BICICLETA,2025-08-18,18:15,17.0,4.21,133.77,centro,43.0,TARJETA
VJ000585,Patineta,2025-08-03,18:13,10.3,2.34,2.12,Centro ,34.0,tarjeta
VJ000292,Scooter,2025-07-05,12:55,12.0,2.46,1.91,norte,32.0,tarjeta
VJ001405,Bici,2025-07-10,17:43,1.0,0.1,0.3,CENTRO,31.0,Billetera Digital
VJ000126,PATINETA,2025-08-01,22:26,16.5,2.95,2.39,Sur,16.0,tarjeta
VJ001643,PATINETA,2025-07-17,18:59,20.4,4.73,2.91,norte,20.0,Billetera Digital
VJ001631,patineta,2025-08-03,13:11,201.6,1.83,2.3,NORTE,24.0,Efectivo
VJ002620,Scooter,2025-08-09,22:17,13.9,3.15,2.54,NORTE,16.0,billetera digital
VJ001150,patineta,2025-08-28,20:05,4.1,0.92,0.5,sur,32.0,billetera digital
VJ002725,BICICLETA,2025-08-28,18:21,11.6,1.77,1.46,Centro ,29.0,EFECTIVO
VJ002270,BICICLETA,2025-08-08,08:59,13.1,2.44,1.96, Norte,,Efectivo
VJ000735,BICICLETA,2025-06-07,08:30,9.0,2.26,1.15,norte,32.0,Tarjeta
VJ001929,PATINETA,2025-07-09,06:52,1.0,0.1,0.32,centro,35.0,efectivo
VJ000772, Bicicleta,2025-06-30,19:32,19.8,3.74,2.42,Centro ,16.0,Efectivo
VJ002234,Bici,2025-08-13,07:00,18.6,3.87,3.11,centro,26.0,tarjeta
VJ000994,Patineta,2025-07-14,19:12,17.9,3.27,2.92,Samborondón,22.0,Tarjeta
VJ000157,BICICLETA,2025-07-13,05:22,11.3,2.06,2.24,Centro,21.0,billetera digital
VJ000939,patineta,2025-08-27,08:20,9.5,1.28,1.55,Samborondón,31.0,Tarjeta
VJ000872,bicicleta,2025-08-13,09:16,8.3,1.91,1.58,norte,,tarjeta
VJ002255,Bici,2025-07-13,19:30,8.7,1.52,1.65,Sur,33.0,EFECTIVO
VJ001080, Bicicleta,2025-08-27,12:51,4.9,1.19,1.34,SAMBORONDON,37.0,tarjeta
VJ002906,PATINETA,2025-06-23,06:39,5.1,1.32,1.04,Centro,20.0,tarjeta
VJ000060,BICICLETA,2025-07-04,14:28,459.0,1.48,1.23,norte,16.0,tarjeta
VJ000259,BICICLETA,2025-08-31,12:25,12.1,2.73,2.35,,25.0,tarjeta
VJ000065, Patineta,2025-07-19,18:41,11.8,3.05,1.83,CENTRO,24.0,billetera digital
VJ002741,PATINETA,2025-07-28,13:34,31.0,4.45,3.37,NORTE,39.0,Billetera digital
VJ001030,Patineta,2025-08-29,19:52,17.3,4.23,2.89,NORTE,27.0,Billetera Digital
VJ002519,BICICLETA,2025-08-30,11:30,15.1,-0.5,2.64,CENTRO,20.0,tarjeta
VJ001790,bicicleta,2025-08-21,20:36,8.2,1.68,1.17,Centro ,33.0,Efectivo
VJ002994,Patineta,2025-06-15,18:43,16.4,3.34,2.47, Norte,32.0,efectivo
VJ002340,Bici,2025-06-16,11:04,9.0,1.21,1.72,Norte,31.0,Efectivo
VJ001924,Bici,2025-07-31,05:08,5.6,1.12,1.36,CENTRO,31.0,TARJETA
VJ001304, Bicicleta,2025-08-18,05:03,14.7,3.5,2.27,Samborondón,30.0,Tarjeta
VJ002879,Bici,2025-06-16,09:42,24.9,5.27,3.5,norte,45.0,tarjeta
VJ001825,Bicicleta,2025-07-30,12:11,12.4,2.45,2.11,Centro ,45.0,Billetera digital
VJ001564, Patineta,2025-07-27,08:53,21.3,4.61,3.52, Norte,16.0,Tarjeta
VJ001836,patineta,2025-06-13,17:26,10.9,2.35,1.9,Samborondon,,tarjeta
VJ002109,Scooter,2025-06-15,18:29,13.8,3.35,2.01,norte,21.0,TARJETA
VJ001768, Bicicleta,2025-08-05,20:26,16.6,3.67,2.41,Centro,33.0,billetera digital
VJ001328, Patineta,2025-07-02,07:39,9.7,2.19,1.61,Centro ,27.0,
VJ000415,BICICLETA,2025-06-16,12:50,8.9,1.33,1.35,Samborondon,24.0,TARJETA
VJ000628,Patineta,2025-08-05,07:06,10.8,2.84,1.94,CENTRO,39.0,EFECTIVO
VJ000436, Bicicleta,2025-06-01,17:56,28.6,4.53,3.33,norte,19.0,tarjeta
VJ001708,Patineta,2025-08-23,08:19,10.8,2.56,1.99, Norte,20.0,efectivo
VJ000989, Patineta,2025-06-24,20:28,17.6,4.44,2.27,Sur,30.0,tarjeta
VJ001560,bicicleta,2025-07-12,12:08,15.4,3.91,2.8,norte,95.0,Tarjeta
VJ002264,BICICLETA,2025-06-24,12:47,-5.0,1.13,1.65,Centro ,23.0,billetera digital
VJ001116,PATINETA,2025-08-02,20:11,8.4,1.56,1.52,Sur,27.0,TARJETA
VJ000808,Scooter,2025-08-22,22:28,13.7,2.06,2.18,SAMBORONDON,27.0,tarjeta
VJ001134,bicicleta,2025-08-22,15:25,5.5,1.27,,norte,25.0,billetera digital
VJ001650,BICICLETA,2025-08-02,18:47,21.4,4.35,3.05,Samborondon,,efectivo
VJ002283,Bici,2025-07-05,20:45,4.6,1.13,1.36,SAMBORONDON,26.0,billetera digital
VJ000694,Bicicleta,2025-06-18,06:56,17.5,4.43,2.54,Samborondon,45.0,efectivo
VJ000999, Bicicleta,2025-08-27,00:19,18.7,4.86,2.65,NORTE,28.0,BILLETERA DIGITAL
VJ002473,bicicleta,2025-07-10,06:22,21.2,3.3,3.07,Sur,29.0,BILLETERA DIGITAL
VJ001588,Bici,2025-07-23,19:20,1.0,0.13,0.39,norte,21.0,Tarjeta
VJ000356, Bicicleta,2025-07-18,18:11,13.5,3.55,2.19,CENTRO,49.0,Efectivo
VJ000919,Patineta,2025-07-27,12:32,8.6,2.18,1.13,norte,16.0,EFECTIVO
VJ002106, Patineta,2025-06-23,19:25,12.5,3.24,2.14,norte,34.0,tarjeta
VJ002967,patineta,2025-08-20,04:04,19.3,2.61,,Norte,,Tarjeta
VJ002991,PATINETA,2025-08-15,18:53,18.5,4.27,2.82,Samborondon,26.0,TARJETA
VJ001191,Bici,2025-07-17,17:12,14.4,2.73,2.08,CENTRO,31.0,BILLETERA DIGITAL
VJ002621,PATINETA,2025-07-21,18:11,12.7,2.6,,samborondon,25.0,
VJ002842,bicicleta,2025-07-27,21:04,12.7,1.71,1.45,Samborondón,16.0,EFECTIVO
VJ001282,PATINETA,2025-07-24,22:15,9.5,2.22,,Sur,,Efectivo
VJ001288,BICICLETA,2025-06-11,09:48,9.9,1.96,1.91,Samborondon,34.0,efectivo
VJ001992,Bici,2025-06-07,21:43,11.7,2.61,1.61,Centro ,,EFECTIVO
VJ001283,BICICLETA,2025-07-21,06:18,7.6,1.84,, Norte,110.0,tarjeta
VJ002073, Bicicleta,2025-06-23,17:33,14.4,3.63,2.61, Norte,35.0,tarjeta
VJ000995,Patineta,2025-08-16,13:07,10.1,2.14,1.39,Samborondon,26.0,Billetera digital
VJ001482, Bicicleta,2025-06-17,12:21,17.4,2.44,2.48,Centro ,22.0,BILLETERA DIGITAL
VJ001250,BICICLETA,2025-06-02,11:27,21.5,2.91,3.17,Centro ,16.0,Tarjeta
VJ000815,BICICLETA,2025-08-01,13:09,11.3,2.61,1.66, Norte,27.0,Efectivo
VJ002770,patineta,2025-06-28,07:48,9.9,1.92,1.51,CENTRO,36.0,Billetera Digital
VJ001208,BICICLETA,2025-06-04,18:55,6.2,1.0,1.34,Centro ,34.0,Tarjeta
VJ002600,patineta,2025-08-14,09:09,17.9,4.01,3.07,SUR,18.0,Billetera Digital
VJ000320,bicicleta,2025-07-08,06:55,-5.0,2.71,1.59,Samborondon,34.0,TARJETA
VJ000817,Bici,2025-08-21,06:04,7.2,1.14,0.93,SUR,24.0,Efectivo
VJ001152,BICICLETA,2025-08-22,19:53,2.6,0.54,1.0,CENTRO,40.0,Tarjeta
VJ000040,Bici,2025-07-07,16:03,11.8,2.39,1.57,NORTE,26.0,efectivo
VJ000664,Bici,2025-08-23,20:39,20.9,4.87,3.62,CENTRO,41.0,Billetera Digital
VJ001243,Bicicleta,2025-06-10,06:44,5.7,1.32,1.26,sur,,TARJETA
VJ001408,Patineta,2025-06-23,17:32,7.0,1.73,1.61,norte,38.0,TARJETA
VJ001587, Bicicleta,2025-07-26,18:43,13.9,3.15,2.01,NORTE,42.0,Tarjeta
VJ001382,bicicleta,2025-07-27,13:51,5.7,1.39,1.23,Centro,19.0,Tarjeta
VJ002052,Bicicleta,2025-07-04,08:12,11.6,2.5,1.84,norte,27.0,billetera digital
VJ002043,BICICLETA,2025-06-15,11:16,2.3,0.57,0.3, Norte,32.0,billetera digital
VJ000884, Patineta,2025-06-22,04:20,8.3,1.84,1.43,Samborondón,28.0,Tarjeta
VJ000216,Bici,2025-06-05,13:07,15.0,3.35,2.46,Samborondón,16.0,Tarjeta
VJ001034,PATINETA,2025-08-16,16:15,5.9,1.17,1.36,norte,37.0,TARJETA
VJ001793,patineta,2025-07-03,19:10,2.4,0.57,0.43,Norte,27.0,EFECTIVO
VJ001207,Bicicleta,2025-07-12,19:12,13.3,3.22,,Centro,44.0,Tarjeta
VJ002000, Bicicleta,2025-07-23,21:24,17.3,2.66,2.85,centro,41.0,TARJETA
VJ002871,PATINETA,2025-06-30,18:08,11.1,2.45,,Samborondón,42.0,tarjeta
VJ000174,Patineta,2025-08-17,16:14,11.0,2.69,223.15,Centro ,28.0,EFECTIVO
VJ002217,Bicicleta,2025-06-25,00:18,19.6,4.56,2.81,NORTE,32.0,Tarjeta
VJ002319,Patineta,2025-07-27,16:00,390.3,1.44,1.34,SUR,19.0,Tarjeta
VJ002916,Bici,2025-08-19,13:26,5.0,1.26,1.56,Sur,37.0,TARJETA
VJ002020,PATINETA,2025-07-03,09:35,17.5,3.22,2.99,Centro ,39.0,efectivo
VJ001207,Bicicleta,2025-07-12,19:12,13.3,3.22,,Centro,44.0,Tarjeta
VJ001471,Bicicleta,2025-06-23,16:18,0.0,4.21,,Norte,21.0,Tarjeta
VJ002875,bicicleta,2025-07-09,06:17,22.5,4.68,3.29,CENTRO,21.0,tarjeta
VJ002979,Patineta,2025-06-10,06:30,15.7,2.4,1.75, Norte,25.0,EFECTIVO
VJ002326, Bicicleta,2025-08-19,18:02,19.9,3.38,2.54,Samborondón,28.0,Billetera digital
VJ002938, Bicicleta,2025-06-05,07:32,17.1,2.77,2.93,CENTRO,28.0,tarjeta
VJ000313,bicicleta,2025-06-26,15:01,10.3,2.73,2.09,NORTE,22.0,Billetera Digital
VJ000070,BICICLETA,2025-08-15,13:22,10.9,1.96,1.12,NORTE,33.0,efectivo
VJ001785, Patineta,2025-08-05,15:01,3.9,0.56,1.08,Samborondon,23.0,billetera digital
VJ000961,bicicleta,2025-08-20,18:19,13.0,3.0,1.78,samborondon,36.0,tarjeta
VJ002941,Patineta,2025-06-16,08:09,15.8,2.23,2.24,centro,40.0,Efectivo
VJ000797,BICICLETA,2025-08-27,03:39,11.5,1.56,1.78,Centro,30.0,billetera digital
VJ002139,Bicicleta,2025-06-03,18:20,16.6,2.44,2.02,Centro ,25.0,Tarjeta
VJ000484,bicicleta,2025-08-07,18:28,17.9,4.13,3.15,SAMBORONDON,17.0,efectivo
VJ000017,Scooter,2025-06-12,11:07,18.8,3.47,2.72,samborondon,19.0,Billetera Digital
VJ000203, Bicicleta,2025-07-22,07:10,17.8,3.92,2.41,Samborondon,25.0,BILLETERA DIGITAL
VJ001780, Patineta,2025-07-12,07:14,24.3,3.57,3.77,CENTRO,34.0,EFECTIVO
VJ000914, Bicicleta,2025-07-18,21:08,190.7,2.94,2.42,Centro,41.0,BILLETERA DIGITAL
VJ001541, Bicicleta,2025-06-30,22:37,-5.0,1.7,2.16,SUR,16.0,EFECTIVO
VJ002536,BICICLETA,2025-06-15,09:06,19.3,-2.0,2.23, Norte,36.0,Efectivo
VJ002153,bicicleta,2025-07-04,12:14,16.1,3.2,2.6,SUR,35.0,tarjeta
VJ000384, Patineta,2025-06-09,12:44,7.8,1.16,105.37,samborondon,40.0,Efectivo
VJ002821,PATINETA,2025-07-25,12:05,8.2,2.18,,NORTE,48.0,Billetera digital
VJ002079,patineta,2025-07-31,08:13,9.6,2.54,1.55,Samborondón,,tarjeta
VJ001199,Bici,2025-06-20,14:35,22.0,4.01,2.99,norte,95.0,Tarjeta
VJ000149,bicicleta,2025-08-31,13:29,7.4,1.78,,Centro ,38.0,Billetera digital
VJ001188,bicicleta,2025-06-21,19:03,12.3,2.65,1.45,centro,30.0,EFECTIVO
VJ000782,patineta,2025-06-24,14:25,28.3,4.32,3.05,norte,33.0,Efectivo
VJ002982,Bicicleta,2025-06-11,21:17,8.9,1.2,108.48,centro,50.0,tarjeta
VJ001988,bicicleta,2025-07-23,08:05,11.9,2.36,2.48,samborondon,24.0,Billetera digital
VJ002960,PATINETA,2025-06-06,08:00,18.9,4.06,2.54, Norte,5.0,tarjeta
VJ000268,patineta,2025-06-23,17:58,14.4,2.86,2.02,CENTRO,49.0,tarjeta
VJ001041, Patineta,2025-06-28,07:47,4.8,1.22,1.43,Centro ,28.0,tarjeta
VJ001710,bicicleta,2025-08-19,21:25,23.9,3.87,3.27,CENTRO,29.0,Efectivo
VJ001718,patineta,2025-08-05,22:29,1.0,0.1,0.77,Centro ,33.0,billetera digital
VJ000920, Patineta,2025-08-29,20:45,9.8,2.59,1.86,sur,38.0,Efectivo
VJ001843,Bicicleta,2025-07-01,07:33,17.6,2.84,2.48,Centro ,26.0,Tarjeta
VJ001271,Patineta,2025-07-09,05:12,11.5,1.64,1.81,samborondon,38.0,Tarjeta
VJ000635, Patineta,2025-07-30,07:19,11.6,2.48,2.17,Centro,48.0,efectivo
VJ002863, Patineta,2025-06-10,08:38,21.5,4.9,2.28,centro,33.0,Tarjeta
VJ001549,patineta,2025-06-10,17:23,16.1,4.05,2.31,Sur,39.0,billetera digital
VJ002987, Bicicleta,2025-06-27,07:50,1.0,0.1,0.37,norte,35.0,Efectivo
VJ000429,BICICLETA,2025-07-28,16:21,13.6,2.14,1.92,Centro ,37.0,tarjeta
VJ000470,bicicleta,2025-08-22,21:18,11.6,2.72,1.98,centro,,Efectivo
VJ001770,patineta,2025-07-29,18:54,11.1,2.11,1.76,Samborondón,,Billetera Digital
VJ002661,Bicicleta,2025-06-16,10:14,10.6,1.58,1.83,Samborondón,37.0,BILLETERA DIGITAL
VJ001917,Scooter,2025-06-17,09:29,3.0,-0.5,0.97,CENTRO,36.0,billetera digital
VJ002921,PATINETA,2025-08-08,14:30,9.2,2.14,1.27,NORTE,,tarjeta
VJ001804,Bicicleta,2025-08-18,22:40,20.4,2.87,2.71,SUR,40.0,EFECTIVO
VJ002969,Patineta,2025-08-25,05:44,16.3,2.81,2.78,centro,20.0,billetera digital
VJ000342,Bicicleta,2025-08-05,05:49,6.7,1.1,,centro,16.0,Tarjeta
VJ000200, Bicicleta,2025-08-03,11:18,17.6,2.73,160.87,SAMBORONDON,40.0,Billetera Digital
VJ002925,patineta,2025-08-04,18:18,6.0,1.37,1.69,Centro,46.0,billetera digital
VJ000598,Bicicleta,2025-07-26,13:22,16.2,3.37,2.22,Centro ,32.0,Tarjeta
VJ002263,Bici,2025-07-19,22:00,13.8,2.45,2.41,SAMBORONDON,35.0,tarjeta
VJ002355,PATINETA,2025-07-10,13:04,10.8,2.58,105.71,Norte,33.0,billetera digital
VJ001467,Scooter,2025-07-28,11:51,15.7,2.73,1.98,CENTRO,16.0,efectivo
VJ001673, Patineta,2025-07-23,18:49,10.1,2.43,2.04,SUR,24.0,Tarjeta
VJ000113,patineta,2025-06-24,22:21,13.8,3.44,2.82,sur,30.0,tarjeta
VJ000926,Patineta,2025-06-13,07:47,3.3,0.79,0.96,Centro ,16.0,tarjeta
VJ001789,PATINETA,2025-06-07,15:00,15.4,4.06,2.82,Centro ,27.0,BILLETERA DIGITAL
VJ000321,patineta,2025-06-19,07:47,6.8,1.63,1.07,sur,48.0,tarjeta
VJ002798,Patineta,2025-08-28,16:38,17.6,-0.5,2.31,SAMBORONDON,36.0,Tarjeta
VJ002384,PATINETA,2025-07-11,22:16,12.3,2.82,1.98,Centro ,23.0,Billetera Digital
VJ001474,Scooter,2025-08-31,09:39,6.9,1.43,1.46,samborondon,41.0,Tarjeta
VJ001167,BICICLETA,2025-06-11,18:22,4.1,0.97,1.3,samborondon,42.0,tarjeta
VJ001901,Bicicleta,2025-07-08,07:04,16.6,2.71,2.48,norte,22.0,Billetera digital
VJ001095, Patineta,2025-08-18,19:06,11.2,1.54,1.72,Centro ,16.0,tarjeta
VJ002816,Bicicleta,2025-06-02,12:39,23.4,5.06,3.56,NORTE,17.0,BILLETERA DIGITAL
VJ000895, Patineta,2025-06-18,19:49,6.3,1.38,0.4,Centro ,16.0,EFECTIVO
VJ001496,bicicleta,2025-07-03,13:22,10.7,2.4,1.62,Centro ,35.0,EFECTIVO
VJ002346, Bicicleta,2025-07-10,08:53,17.0,3.06,2.11,centro,16.0,EFECTIVO
VJ000444,bicicleta,2025-06-18,10:05,7.2,1.58,1.07,CENTRO,30.0,Tarjeta
VJ001330, Bicicleta,2025-07-22,18:20,10.8,2.32,,CENTRO,29.0,BILLETERA DIGITAL
VJ002167, Bicicleta,2025-06-23,18:38,18.5,2.88,2.54,Samborondón,33.0,efectivo
VJ000272,Bici,2025-08-21,06:02,1.0,0.1,0.56,centro,36.0,tarjeta
VJ000805,PATINETA,2025-06-13,10:48,3.3,0.86,0.73,centro,23.0,Billetera Digital
VJ000180,Patineta,2025-07-10,08:41,16.3,4.11,,NORTE,23.0,TARJETA
VJ001228,Bicicleta,2025-07-14,17:46,15.0,3.23,2.3,Samborondón,20.0,tarjeta
VJ001510,BICICLETA,2025-06-23,05:54,7.8,1.68,1.68,norte,31.0,TARJETA
VJ001202,BICICLETA,2025-07-17,17:47,10.8,1.67,1.74,Centro,20.0,Tarjeta
VJ000613,Bici,2025-07-20,07:39,7.6,1.37,1.65,centro,44.0,Billetera digital
VJ002636,PATINETA,2025-07-13,21:29,14.8,2.53,2.0,Centro ,,Billetera digital
VJ001442, Bicicleta,2025-06-06,14:13,6.5,1.41,,centro,,TARJETA
VJ002371, Patineta,2025-06-12,07:01,14.0,1.98,1.96,SAMBORONDON,32.0,BILLETERA DIGITAL
VJ002050,BICICLETA,2025-07-12,23:08,9.0,1.62,1.68,sur,,EFECTIVO
VJ002291,Scooter,2025-08-22,14:59,15.7,3.02,,NORTE,39.0,TARJETA
VJ000704,Bicicleta,2025-06-04,22:35,15.4,3.59,2.71,Norte,,Billetera Digital
VJ002111,bicicleta,2025-08-25,17:19,1.0,0.1,0.45,Samborondon,36.0,efectivo
VJ002208,Bicicleta,2025-08-13,04:36,10.1,2.3,2.24,CENTRO,33.0,Tarjeta
VJ001437,PATINETA,2025-06-23,06:27,10.9,2.38,1.59,Sur,32.0,Efectivo
VJ001015,Bicicleta,2025-07-13,20:13,11.8,2.98,2.18,norte,21.0,Tarjeta
VJ002189,bicicleta,2025-08-31,17:55,10.9,1.8,2.15,SUR,16.0,billetera digital
VJ002372, Bicicleta,2025-06-05,22:28,5.4,1.04,1.58,Samborondon,40.0,tarjeta
VJ001089,BICICLETA,2025-07-20,17:55,2.4,0.54,,samborondon,26.0,BILLETERA DIGITAL
VJ000823,Patineta,2025-07-14,09:28,4.6,1.09,1.11,norte,34.0,Billetera digital
VJ000164,Bicicleta,2025-07-12,04:13,7.0,1.44,1.22,SUR,29.0,efectivo
VJ000819,bicicleta,2025-08-10,13:05,5.3,1.16,0.93,Centro ,35.0,EFECTIVO
VJ001135,patineta,2025-08-19,11:43,25.7,3.79,4.3,Sur,31.0,Billetera digital
VJ000836,patineta,2025-07-12,20:56,28.3,0.0,3.79,Norte,17.0,tarjeta
VJ000676,PATINETA,2025-08-27,20:30,18.0,3.15,,sur,33.0,Tarjeta
VJ000273,PATINETA,2025-06-22,09:53,4.5,1.15,0.92,Norte,40.0,Tarjeta
VJ000196, Patineta,2025-08-15,09:36,18.4,3.97,2.72,CENTRO,27.0,Tarjeta
VJ000732,BICICLETA,2025-07-31,12:57,16.2,2.49,,SAMBORONDON,37.0,Tarjeta
VJ000596,Bici,2025-07-01,07:40,18.3,4.03,2.86,norte,5.0,Tarjeta
VJ001543,bicicleta,2025-06-01,21:00,8.8,2.31,1.64,SAMBORONDON,44.0,efectivo
VJ001435, Bicicleta,2025-06-01,11:29,13.2,2.34,2.0,Centro ,16.0,BILLETERA DIGITAL
VJ000760,Bici,2025-06-16,16:06,7.5,1.2,1.97,Samborondón,34.0,tarjeta
VJ000956,Bici,2025-08-18,06:21,23.0,3.99,3.59,Samborondón,19.0,BILLETERA DIGITAL
VJ001324,BICICLETA,2025-06-18,00:59,16.3,-2.0,2.6, Norte,32.0,Billetera Digital
VJ000569,Patineta,2025-08-29,14:37,6.3,1.31,1.44,,29.0,tarjeta
VJ000140, Patineta,2025-07-11,13:06,7.8,1.25,1.16,NORTE,30.0,TARJETA
VJ002077, Patineta,2025-08-11,08:42,12.3,2.83,2.24,samborondon,28.0,tarjeta
VJ002370,Bicicleta,2025-08-30,22:34,17.0,3.66,2.5,norte,26.0,tarjeta
VJ001148,Patineta,2025-08-07,14:31,20.4,3.64,3.06,samborondon,24.0,Billetera Digital
VJ002362, Bicicleta,2025-08-23,15:43,10.7,2.56,1.91,CENTRO,38.0,Tarjeta
VJ001257,patineta,2025-08-21,08:08,7.5,1.58,,Norte,24.0,BILLETERA DIGITAL
VJ002081,Scooter,2025-08-07,19:04,15.1,3.12,1.77,Samborondón,24.0,TARJETA
VJ002709,Scooter,2025-06-12,06:35,15.9,3.42,2.42, Norte,39.0,Billetera Digital
VJ002944, Patineta,2025-07-23,19:45,20.1,4.02,3.03, Norte,38.0,tarjeta
VJ002954,PATINETA,2025-08-29,18:32,13.9,2.43,, Norte,19.0,tarjeta
VJ002219, Bicicleta,2025-06-15,22:15,10.3,2.18,1.61,CENTRO,28.0,BILLETERA DIGITAL
VJ001679,Patineta,2025-07-10,07:33,14.4,2.12,2.5,Samborondon,34.0,Billetera digital
VJ002711,Bicicleta,2025-06-10,06:21,14.3,2.12,2.09,Centro ,,TARJETA
VJ000708,Bici,2025-07-06,17:32,221.8,3.03,3.29,NORTE,22.0,efectivo
VJ000685, Bicicleta,2025-08-15,18:49,21.3,3.04,3.46,Samborondón,34.0,tarjeta
VJ001240,Scooter,2025-07-31,09:11,18.9,3.15,3.33,Centro,47.0,Tarjeta
VJ001054,patineta,2025-08-26,08:01,13.9,2.38,1.99,Centro ,35.0,TARJETA
VJ001210,Patineta,2025-08-08,13:58,13.5,3.17,2.52,Norte,26.0,efectivo
VJ000778,Patineta,2025-07-31,08:51,13.4,1.94,1.85,Samborondon,30.0,Tarjeta
VJ000540,patineta,2025-08-16,14:47,7.3,1.86,1.3,centro,16.0,tarjeta
VJ002495,Patineta,2025-08-22,07:13,14.0,3.61,2.26,Centro,29.0,tarjeta
VJ000084,BICICLETA,2025-08-04,12:35,10.6,2.19,1.33,sur,60.0,billetera digital
VJ002762,Bici,2025-07-01,20:51,15.9,2.5,2.05,Norte,37.0,efectivo
VJ002787,bicicleta,2025-06-02,16:15,1.0,0.1,0.58,Centro ,16.0,EFECTIVO
VJ000531,Bicicleta,2025-07-18,11:53,5.1,1.36,1.44,NORTE,16.0,
VJ001951, Patineta,2025-08-12,07:52,9.1,2.22,1.64,samborondon,42.0,Tarjeta
VJ002634,Bicicleta,2025-08-10,12:11,4.5,0.88,0.9,Samborondon,,TARJETA
VJ000535,Patineta,2025-06-24,07:54,6.9,1.28,1.64,Samborondón,,TARJETA
VJ001284,PATINETA,2025-07-23,18:56,4.0,1.07,1.61,Centro,34.0,Tarjeta
VJ002958,Bici,2025-07-29,08:14,20.5,2.93,3.19,centro,19.0,tarjeta
VJ001107,Bicicleta,2025-07-21,23:31,24.3,3.5,3.36,norte,24.0,efectivo
VJ001961,patineta,2025-07-20,04:21,16.1,2.67,2.61,Centro,37.0,BILLETERA DIGITAL
VJ001592,bicicleta,2025-06-13,11:28,10.8,2.51,1.53,samborondon,18.0,Tarjeta
VJ001842,bicicleta,2025-07-01,15:48,6.4,0.9,1.69,Sur,32.0,Efectivo
VJ000514,bicicleta,2025-06-18,18:31,7.4,1.51,1.23,CENTRO,26.0,TARJETA
VJ002436,Scooter,2025-06-18,09:28,14.0,2.53,1.76,Centro,49.0,tarjeta
VJ002755,Scooter,2025-06-18,08:32,20.2,2.72,2.91,CENTRO,19.0,Efectivo
VJ002539,Bicicleta,2025-06-27,07:43,8.9,2.3,1.04,Norte,38.0,billetera digital
VJ000936,patineta,2025-07-16,07:28,3.9,0.66,0.54,CENTRO,,EFECTIVO
VJ001226,Bici,2025-07-07,17:11,12.0,2.77,,CENTRO,31.0,Billetera digital
VJ002790,BICICLETA,2025-07-09,18:58,25.1,3.58,4.0, Norte,24.0,Efectivo
VJ001792,Bici,2025-08-07,17:27,11.7,2.75,2.08,NORTE,38.0,TARJETA
VJ001363,PATINETA,2025-06-09,17:27,18.5,2.6,2.86,sur,16.0,Tarjeta
VJ001159,Bici,2025-08-08,06:58,9.0,1.85,1.29,Centro ,32.0,Billetera digital
VJ002738, Patineta,2025-07-04,20:07,14.5,3.08,2.27,centro,16.0,Efectivo
VJ002458,Patineta,2025-08-06,08:52,0.0,2.77,,samborondon,38.0,BILLETERA DIGITAL
VJ002751,Bici,2025-07-18,18:00,12.5,2.9,2.13, Norte,40.0,tarjeta
VJ001732,Bicicleta,2025-06-26,12:53,10.0,1.39,2.1,NORTE,27.0,Billetera digital
VJ000400,BICICLETA,2025-06-28,12:32,13.2,2.65,2.21,Samborondon,35.0,Tarjeta
VJ001695,BICICLETA,2025-07-01,18:08,7.7,2.05,,Centro ,46.0,Efectivo
VJ001062,Bicicleta,2025-07-27,18:54,20.2,3.18,3.12,Centro ,41.0,Billetera digital
VJ000984,BICICLETA,2025-07-03,20:56,5.3,1.41,1.36,Sur,42.0,tarjeta
VJ001553, Bicicleta,2025-06-20,06:05,1.0,0.1,0.8,norte,35.0,Tarjeta
VJ002758,Bicicleta,2025-07-26,16:38,11.3,2.48,,centro,38.0,efectivo
VJ000361,patineta,2025-06-07,14:17,24.6,3.42,3.48,centro,23.0,tarjeta
VJ000941,bicicleta,2025-06-25,20:27,5.8,1.12,0.98,Centro ,24.0,TARJETA
VJ001783,Scooter,2025-06-07,07:59,13.8,1.91,1.89, Norte,26.0,TARJETA
VJ002472,BICICLETA,2025-07-18,19:29,20.7,3.7,3.16,,29.0,EFECTIVO
VJ000717,patineta,2025-08-23,17:17,10.8,2.77,1.72,sur,18.0,Billetera digital
VJ002266,patineta,2025-06-17,10:02,7.9,-2.0,,samborondon,25.0,efectivo
VJ002477, Patineta,2025-07-08,23:47,10.9,2.43,1.6,Centro,22.0,TARJETA
VJ000016,PATINETA,2025-06-08,19:00,7.1,1.82,1.49,Norte,25.0,EFECTIVO
VJ002019, Bicicleta,2025-06-16,21:05,24.6,3.77,3.08,SUR,35.0,Tarjeta
VJ002360, Patineta,2025-07-05,05:51,12.2,2.21,2.38,centro,29.0,tarjeta
VJ002171, Bicicleta,2025-07-07,11:17,12.7,2.86,1.26,SUR,39.0,Tarjeta
VJ002749,bicicleta,2025-06-18,09:42,16.0,2.54,2.44,Samborondón,36.0,efectivo
VJ000480, Patineta,2025-07-07,23:58,18.6,4.4,2.4,CENTRO,18.0,Tarjeta
VJ002474, Bicicleta,2025-08-19,09:17,12.3,1.72,1.95,samborondon,33.0,Billetera Digital
VJ000047,Patineta,2025-06-26,08:09,7.0,1.18,1.51,Centro ,18.0,efectivo
VJ001084,Patineta,2025-08-10,18:43,11.0,2.64,1.73,Centro ,20.0,billetera digital
VJ001370,Patineta,2025-06-20,19:46,20.9,3.9,197.11,CENTRO,26.0,billetera digital
VJ000066,BICICLETA,2025-06-24,21:05,347.4,2.98,1.98,centro,34.0,tarjeta
VJ002586,Patineta,2025-07-22,06:42,12.2,2.27,1.89,NORTE,41.0,billetera digital
VJ000691,Scooter,2025-06-14,14:24,15.9,2.41,2.36,Centro,16.0,tarjeta
VJ001862,BICICLETA,2025-07-31,18:49,3.9,0.73,1.59,Centro ,23.0,TARJETA
VJ002668,Bici,2025-07-05,20:21,5.7,1.46,2.02, Norte,16.0,Billetera digital
VJ002042,Bici,2025-07-08,21:39,2.7,-2.0,,NORTE,33.0,Tarjeta
VJ000233,Bici,2025-07-31,15:09,14.5,3.52,2.35,samborondon,16.0,Tarjeta
VJ001117,Bicicleta,2025-07-06,08:39,17.0,3.44,2.6,norte,36.0,billetera digital
VJ002098, Bicicleta,2025-08-31,19:00,12.3,2.73,2.12,Centro ,45.0,EFECTIVO
VJ000335,Bici,2025-07-26,04:19,9.0,2.27,1.39,Sur,23.0,
VJ002976,Scooter,2025-08-11,12:55,21.2,3.89,3.41,Samborondon,30.0,tarjeta
VJ001879,Bicicleta,2025-07-04,01:15,14.1,-0.5,2.62,centro,36.0,Efectivo
VJ000261,Scooter,2025-06-13,05:01,7.3,1.92,116.22,Centro,20.0,Tarjeta
VJ000588, Bicicleta,2025-08-19,06:48,5.8,1.46,0.68,Centro,16.0,Billetera digital
VJ002140,bicicleta,2025-06-04,11:20,15.8,2.45,2.86,centro,25.0,tarjeta
VJ000668,bicicleta,2025-08-23,07:14,9.3,1.8,1.03,Centro,23.0,Tarjeta
VJ001867,PATINETA,2025-08-13,01:10,12.2,2.24,1.79,Centro,,billetera digital
VJ002118,Bici,2025-06-28,15:33,17.2,4.56,2.48,norte,17.0,Tarjeta
VJ001852,Patineta,2025-07-17,19:35,8.9,1.2,1.12,Samborondon,36.0,tarjeta
VJ000044, Patineta,2025-08-24,07:37,19.7,3.15,2.82,SUR,39.0,tarjeta
VJ000333,PATINETA,2025-06-17,08:35,19.8,4.85,2.38,NORTE,39.0,tarjeta
VJ002308, Patineta,2025-08-16,12:30,4.8,0.66,1.37,centro,31.0,TARJETA
VJ002926, Patineta,2025-07-13,20:46,5.1,1.02,0.96,CENTRO,28.0,tarjeta
VJ000260, Bicicleta,2025-08-31,16:20,1.0,0.1,, Norte,35.0,billetera digital
VJ000297,Bicicleta,2025-06-08,13:53,5.9,1.38,0.62,Centro,,Efectivo
VJ001865,Patineta,2025-08-28,19:29,426.7,2.19,1.29,Centro,22.0,TARJETA
VJ000151,BICICLETA,2025-06-22,08:42,13.2,2.25,,SAMBORONDON,31.0,TARJETA
VJ001892,Patineta,2025-06-25,20:13,8.6,1.68,1.65,Centro ,31.0,Tarjeta
VJ001597,BICICLETA,2025-06-11,17:51,8.4,2.0,,Centro ,23.0,efectivo
VJ002207,Patineta,2025-06-04,08:30,1.0,0.1,0.63,Norte,34.0,Tarjeta
VJ002671,bicicleta,2025-06-20,06:38,4.1,1.04,1.02,Centro,50.0,BILLETERA DIGITAL
VJ001082, Patineta,2025-06-30,07:54,4.8,0.72,1.97,Sur,21.0,BILLETERA DIGITAL
VJ002587,Bicicleta,2025-08-18,19:05,17.8,4.13,2.92,NORTE,,efectivo
VJ001258,Scooter,2025-06-26,19:17,1.4,0.31,1.59,SUR,26.0,Billetera digital
VJ002356,bicicleta,2025-07-31,09:57,11.0,1.71,1.69,sur,29.0,Tarjeta
VJ002265,Bici,2025-08-10,08:27,16.1,2.29,2.37,sur,,TARJETA
VJ001168,bicicleta,2025-07-07,20:34,1.0,0.2,0.38,Sur,28.0,EFECTIVO
VJ000307,BICICLETA,2025-07-19,12:17,301.4,2.99,2.8,norte,35.0,efectivo
VJ000638,patineta,2025-06-01,19:32,20.1,2.73,3.22,Samborondón,16.0,EFECTIVO
VJ002578,Bici,2025-06-27,11:18,6.8,1.7,1.17,centro,32.0,tarjeta
VJ001141, Bicicleta,2025-08-31,19:55,21.3,2.97,3.24,Centro,24.0,Billetera Digital
VJ000641, Patineta,2025-06-28,06:42,5.6,1.2,1.31,centro,28.0,billetera digital
VJ001858,Bicicleta,2025-08-26,13:12,13.5,2.46,1.82,Centro,34.0,Billetera digital
VJ000860, Bicicleta,2025-07-25,16:36,5.4,0.94,0.96,Norte,26.0,Tarjeta
VJ002712,Scooter,2025-07-27,19:25,379.8,2.13,2.12,sur,,TARJETA
VJ000881,Bicicleta,2025-06-05,11:40,9.5,1.65,1.63,CENTRO,,Tarjeta
VJ001383,Bicicleta,2025-08-19,09:07,23.8,4.35,3.49,norte,43.0,BILLETERA DIGITAL
VJ002329,BICICLETA,2025-08-28,18:37,14.4,2.75,2.36,samborondon,35.0,efectivo
VJ000916,patineta,2025-08-09,12:14,6.3,1.33,,NORTE,110.0,Billetera Digital
VJ001003,BICICLETA,2025-06-27,04:46,7.2,1.64,1.22,Samborondón,37.0,tarjeta
VJ001618,Scooter,2025-08-29,20:14,17.2,2.44,3.09,CENTRO,29.0,BILLETERA DIGITAL
VJ000443,Bicicleta,2025-06-18,12:47,35.7,5.4,,CENTRO,32.0,tarjeta
VJ001609,BICICLETA,2025-07-04,17:16,3.9,1.0,0.88,sur,34.0,EFECTIVO
VJ002168,bicicleta,2025-07-14,21:40,24.5,3.98,3.65, Norte,35.0,TARJETA
VJ000331,patineta,2025-07-15,03:23,16.6,4.32,2.8,CENTRO,27.0,Tarjeta
VJ001916,Bici,2025-06-18,14:04,11.0,2.89,1.69,,28.0,Tarjeta
VJ002752,PATINETA,2025-08-16,07:22,14.7,2.42,1.97,sur,32.0,efectivo
VJ002568, Bicicleta,2025-07-28,19:11,12.3,1.89,2.28,centro,42.0,EFECTIVO
VJ000673, Patineta,2025-08-14,19:57,31.6,4.22,3.93,samborondon,41.0,tarjeta
VJ000657,Patineta,2025-08-01,09:45,9.7,1.92,1.29,CENTRO,34.0,TARJETA
VJ001736, Bicicleta,2025-06-26,09:43,9.6,1.88,1.67,sur,26.0,billetera digital
VJ001844,Scooter,2025-07-06,12:55,34.1,4.76,4.6,centro,49.0,tarjeta
VJ000853,Bici,2025-06-11,19:10,5.7,1.44,1.02,Norte,22.0,BILLETERA DIGITAL
VJ001777, Patineta,2025-07-11,18:56,17.7,3.22,2.85,Centro,32.0,Billetera digital
VJ000223,Bicicleta,2025-06-12,07:49,334.7,2.77,2.67,samborondon,23.0,Tarjeta
VJ000494,Bici,2025-08-26,13:12,16.2,2.58,2.65,CENTRO,42.0,TARJETA
VJ001192,Bici,2025-06-04,10:24,2.8,0.52,,SUR,45.0,TARJETA
VJ002342,Scooter,2025-06-26,05:14,6.5,1.49,,norte,16.0,Billetera digital
VJ001151,BICICLETA,2025-07-23,18:56,7.8,2.03,1.1,samborondon,24.0,tarjeta
VJ000418,patineta,2025-08-27,07:42,17.3,3.23,,NORTE,23.0,Billetera digital
VJ001835, Patineta,2025-07-29,22:42,10.6,2.8,1.68, Norte,37.0,EFECTIVO
VJ001457,Patineta,2025-08-18,10:34,36.0,5.79,5.07,Samborondon,25.0,Tarjeta
VJ001259, Patineta,2025-07-05,21:56,4.6,0.93,1.36,sur,16.0,EFECTIVO
VJ002499,bicicleta,2025-08-12,13:04,4.7,1.19,0.51,SUR,25.0,Efectivo
VJ001407,BICICLETA,2025-06-30,13:26,13.9,3.08,2.29,centro,22.0,Tarjeta
VJ001132,Patineta,2025-07-08,08:27,223.4,4.04,2.1,norte,29.0,TARJETA
VJ001136, Patineta,2025-06-24,17:46,274.1,1.92,1.42,Norte,32.0,Efectivo
VJ001762, Patineta,2025-08-18,06:51,6.5,1.53,1.21,CENTRO,38.0,EFECTIVO
VJ000849, Bicicleta,2025-08-11,18:18,7.7,-2.0,1.71,CENTRO,21.0,Tarjeta
VJ001640,Bici,2025-06-10,20:00,5.5,0.83,1.0,,39.0,
VJ000199,PATINETA,2025-08-26,18:28,10.0,2.44,1.93,sur,30.0,TARJETA
VJ001174,PATINETA,2025-07-06,10:27,20.9,3.52,2.2,NORTE,51.0,tarjeta
VJ002475,PATINETA,2025-06-22,19:48,25.1,4.2,3.93,NORTE,33.0,BILLETERA DIGITAL
VJ000327, Patineta,2025-08-13,08:28,7.7,1.81,0.95,NORTE,30.0,tarjeta
VJ000595,Scooter,2025-06-17,06:41,4.3,1.13,1.51,,20.0,tarjeta
VJ000339,Bicicleta,2025-07-18,16:48,5.7,1.43,1.27,norte,17.0,
VJ000395,Scooter,2025-06-21,14:08,13.9,2.27,1.73, Norte,33.0,Efectivo
VJ000517,bicicleta,2025-08-15,07:48,15.8,4.09,2.68,CENTRO,16.0,EFECTIVO
VJ002120,Bicicleta,2025-08-08,08:31,9.1,2.36,1.79,Centro ,34.0,Billetera digital
VJ002293,Bici,2025-08-12,11:57,28.1,4.14,3.67, Norte,26.0,TARJETA
VJ002249,Bicicleta,2025-07-17,19:16,3.5,0.79,1.14,SAMBORONDON,44.0,Tarjeta
VJ000317, Patineta,2025-06-10,04:43,8.5,1.16,1.15,Norte,33.0,Efectivo
VJ002010,Scooter,2025-06-26,17:47,9.9,1.58,1.46,Samborondon,21.0,efectivo
VJ002599,patineta,2025-06-16,17:47,14.8,2.52,206.17,sur,27.0,BILLETERA DIGITAL
VJ002453,Patineta,2025-08-01,15:30,1.0,0.1,,norte,37.0,Tarjeta
VJ000094,patineta,2025-08-27,16:09,13.9,2.29,1.92,,16.0,efectivo
VJ002955,Bici,2025-07-07,19:04,1.0,0.19,0.63,NORTE,42.0,Tarjeta
VJ000294,Scooter,2025-06-21,20:33,9.0,2.04,1.3,norte,32.0,TARJETA
VJ001481,Bicicleta,2025-08-07,22:57,14.4,3.8,2.6,Centro,16.0,tarjeta
VJ002382,Scooter,2025-06-14,11:53,17.1,3.95,176.3,Centro,41.0,Billetera Digital
VJ000197,Bicicleta,2025-06-02,19:34,17.8,3.37,3.08,NORTE,31.0,TARJETA
VJ000520, Bicicleta,2025-08-16,19:44,8.1,1.95,1.26,CENTRO,22.0,Tarjeta
VJ000473,Patineta,2025-07-26,18:31,7.9,2.01,1.92,Sur,31.0,efectivo
VJ000225, Bicicleta,2025-08-29,06:18,19.3,2.95,2.69,Centro ,16.0,EFECTIVO
VJ001647,PATINETA,2025-08-15,19:06,20.6,3.87,2.16,centro,16.0,Efectivo
VJ001589, Bicicleta,2025-07-15,08:41,4.9,0.67,0.99,Sur,39.0,tarjeta
VJ002449,patineta,2025-08-03,18:08,9.3,2.33,2.03, Norte,31.0,Tarjeta
VJ001671, Patineta,2025-07-24,13:35,11.6,1.62,1.62,Norte,26.0,TARJETA
VJ001505,Patineta,2025-07-10,12:13,11.4,2.45,,samborondon,28.0,TARJETA
VJ002195,Bicicleta,2025-06-19,11:12,479.8,1.88,1.4,centro,32.0,tarjeta
VJ002719,PATINETA,2025-06-04,11:28,11.2,2.13,2.03,NORTE,22.0,EFECTIVO
VJ002029,Bici,2025-06-05,18:48,25.4,5.1,3.73, Norte,37.0,billetera digital
VJ002622,bicicleta,2025-07-06,06:34,15.6,3.62,2.18,norte,27.0,Tarjeta
VJ000564,PATINETA,2025-07-25,08:33,14.5,3.5,1.91,SAMBORONDON,50.0,tarjeta
VJ000083, Patineta,2025-06-17,18:43,22.3,3.8,2.84,Sur,29.0,
VJ001289,Patineta,2025-06-23,06:56,10.6,2.46,1.82,Centro ,55.0,Tarjeta
VJ002014,Bicicleta,2025-08-28,19:09,17.1,2.59,2.47,samborondon,21.0,Billetera Digital
VJ002940, Patineta,2025-07-16,15:56,12.4,1.79,2.52,Samborondon,21.0,Billetera Digital
VJ002664,PATINETA,2025-07-11,16:38,13.0,3.39,1.88,centro,45.0,BILLETERA DIGITAL
VJ000708,Bici,2025-07-06,17:32,221.8,3.03,3.29,NORTE,22.0,efectivo
VJ001166,Patineta,2025-07-25,22:25,8.1,2.02,1.41,NORTE,27.0,TARJETA
VJ000086,patineta,2025-08-11,07:44,17.3,2.57,2.5,sur,29.0,TARJETA
VJ001539, Bicicleta,2025-07-08,06:24,24.5,3.45,3.47,CENTRO,29.0,efectivo
VJ002535, Patineta,2025-08-22,13:20,12.4,2.67,1.97,Samborondon,5.0,Billetera Digital
VJ002627,PATINETA,2025-07-20,13:42,10.7,2.79,1.57,sur,44.0,EFECTIVO
VJ000100,bicicleta,2025-06-23,20:56,18.8,2.94,2.67,Centro,34.0,tarjeta
VJ001146, Patineta,2025-08-01,06:05,5.3,1.21,1.42,Centro,20.0,TARJETA
VJ000406,Patineta,2025-07-11,13:54,14.6,3.32,2.29,norte,30.0,Tarjeta
VJ002563,bicicleta,2025-07-11,17:19,18.9,3.06,2.81,SAMBORONDON,16.0,tarjeta
VJ000974,bicicleta,2025-08-31,11:08,1.0,0.1,0.3,norte,18.0,TARJETA
VJ002931,Patineta,2025-07-22,19:22,8.5,1.9,1.23,Sur,22.0,Billetera digital
VJ002904,PATINETA,2025-08-25,19:54,11.9,2.15,1.83,SAMBORONDON,31.0,Billetera digital
VJ001887,BICICLETA,2025-07-20,20:56,10.1,1.97,1.47,Samborondón,26.0,BILLETERA DIGITAL
VJ002032,BICICLETA,2025-06-05,08:02,15.7,2.75,2.42,Sur,41.0,efectivo
VJ001024,Patineta,2025-06-18,12:43,198.2,3.09,2.42,Centro,27.0,efectivo
VJ002640, Bicicleta,2025-07-28,08:30,10.7,1.49,1.93,sur,27.0,Billetera digital
VJ002294, Patineta,2025-08-17,15:37,6.0,1.45,0.9,Sur,43.0,tarjeta
VJ000322,BICICLETA,2025-07-08,07:36,9.6,1.69,1.33,Samborondon,16.0,Tarjeta
VJ000639,Bici,2025-06-19,11:55,14.0,2.25,1.81,Samborondón,38.0,TARJETA
VJ000107,Bici,2025-06-16,19:58,13.9,2.52,,Samborondon,33.0,tarjeta
VJ000851, Bicicleta,2025-08-21,11:02,13.9,1.98,173.25,NORTE,31.0,Efectivo
VJ000344, Bicicleta,2025-08-13,13:14,8.1,2.05,,Centro,49.0,Efectivo
VJ001493,Patineta,2025-07-19,07:48,11.9,2.73,,samborondon,32.0,tarjeta
VJ002114, Patineta,2025-06-10,10:45,14.9,2.15,2.34,sur,37.0,Tarjeta
VJ001649,PATINETA,2025-06-27,07:13,18.2,4.5,181.7,,32.0,tarjeta
VJ001885,patineta,2025-07-25,06:10,9.0,1.58,1.53,SUR,34.0,TARJETA
VJ001153, Patineta,2025-08-19,20:54,22.1,3.3,3.16,Samborondon,29.0,Billetera digital
VJ002946,PATINETA,2025-07-05,19:15,16.8,0.0,2.04,SUR,31.0,EFECTIVO
VJ002901, Bicicleta,2025-07-12,12:04,15.3,0.0,2.68,centro,20.0,Tarjeta
VJ000576,bicicleta,2025-08-14,20:36,22.7,4.02,3.59,Samborondón,23.0,efectivo
VJ000403,BICICLETA,2025-07-05,12:15,15.9,2.21,2.01,centro,24.0,Tarjeta
VJ002732, Patineta,2025-07-24,13:00,15.3,3.8,2.29,centro,24.0,Efectivo
VJ002566,Bici,2025-06-19,12:04,13.3,1.8,2.18,Samborondón,39.0,billetera digital
VJ000022,Scooter,2025-06-18,09:17,14.3,2.1,2.09,norte,32.0,Billetera digital
VJ001223, Patineta,2025-08-20,16:54,21.4,4.31,3.66,Sur,,Billetera Digital
VJ001125,Bicicleta,2025-07-14,22:50,16.4,3.07,2.77, Norte,18.0,tarjeta
VJ000860, Bicicleta,2025-07-25,16:36,5.4,0.94,0.96,Norte,26.0,Tarjeta
VJ001201,BICICLETA,2025-08-05,22:01,11.3,1.88,, Norte,16.0,tarjeta
VJ001385, Patineta,2025-07-08,07:07,16.4,3.01,3.09,samborondon,38.0,BILLETERA DIGITAL
VJ001962, Patineta,2025-07-30,10:53,-5.0,1.25,1.31,Norte,43.0,Efectivo
VJ000948,BICICLETA,2025-08-17,07:38,3.4,0.53,0.86,SAMBORONDON,38.0,
VJ000366,patineta,2025-06-12,15:49,1.0,0.1,0.47, Norte,19.0,efectivo
VJ002890,PATINETA,2025-08-08,06:50,-5.0,1.91,1.68,centro,28.0,tarjeta
VJ000905,PATINETA,2025-07-02,17:18,15.6,2.57,2.64,CENTRO,42.0,Efectivo
VJ002008, Patineta,2025-07-08,03:47,457.6,0.91,1.27,Centro,41.0,Billetera Digital
VJ002383,PATINETA,2025-07-21,09:25,2.7,0.45,0.86,norte,37.0,Efectivo
VJ000416,patineta,2025-08-12,07:46,12.2,3.09,2.23,Centro ,20.0,EFECTIVO
VJ000842,bicicleta,2025-06-26,21:12,3.6,0.89,0.96,SUR,20.0,Efectivo
VJ001073,Scooter,2025-08-27,12:54,11.6,-0.5,1.42,SAMBORONDON,58.0,TARJETA
VJ000526,Patineta,2025-07-30,15:33,31.0,4.47,4.04,SUR,25.0,Tarjeta
VJ001488, Patineta,2025-07-14,09:49,8.2,1.98,1.66,Centro,32.0,Efectivo
VJ001046,bicicleta,2025-06-03,22:44,5.8,1.51,1.48,Centro,32.0,TARJETA
VJ002074,Patineta,2025-06-25,18:38,9.6,2.21,1.97,sur,42.0,Tarjeta
VJ001279, Patineta,2025-08-15,18:54,443.2,2.25,1.19,SAMBORONDON,35.0,tarjeta
VJ000330,Bicicleta,2025-07-25,03:51,7.2,1.47,1.63,Samborondon,23.0,EFECTIVO
VJ002612,Bici,2025-08-27,07:14,12.9,2.22,2.39,Centro ,30.0,Billetera Digital
VJ002135,Bicicleta,2025-08-26,17:40,15.8,2.2,,Centro,43.0,Billetera digital
VJ001730,Bici,2025-06-14,15:37,20.1,4.64,3.38,centro,27.0,
VJ000205,Patineta,2025-07-24,22:57,323.3,4.72,200.84,Centro ,18.0,Tarjeta
VJ001652, Bicicleta,2025-08-09,18:57,23.0,4.59,3.25,Samborondon,23.0,Tarjeta
VJ000554,patineta,2025-06-11,19:12,1.0,0.1,0.97,NORTE,26.0,TARJETA
VJ000684, Bicicleta,2025-06-07,18:40,7.0,1.78,1.56,NORTE,34.0,
VJ001542,Patineta,2025-07-06,17:02,18.3,3.67,2.25, Norte,27.0,BILLETERA DIGITAL
VJ001155,PATINETA,2025-07-10,10:05,18.7,3.31,2.34,CENTRO,23.0,billetera digital
VJ001352,Bicicleta,2025-08-26,07:37,7.6,1.73,1.33,Samborondon,16.0,Efectivo
VJ001302, Bicicleta,2025-08-30,11:39,10.4,2.76,1.83, Norte,40.0,Billetera Digital
VJ000738,PATINETA,2025-08-14,07:18,6.9,1.75,1.53,samborondon,24.0,tarjeta
VJ000251,Patineta,2025-08-20,21:50,11.3,2.23,1.43,Centro,28.0,tarjeta
VJ000690,BICICLETA,2025-08-09,14:08,19.7,3.25,2.47, Norte,29.0,BILLETERA DIGITAL
VJ002641,Patineta,2025-07-30,12:09,24.1,3.51,2.87,Sur,26.0,Tarjeta
VJ002298,Bicicleta,2025-07-24,09:05,22.2,4.06,3.13,CENTRO,25.0,TARJETA
VJ001508,PATINETA,2025-08-11,10:30,7.0,1.35,1.05,,17.0,Billetera digital
VJ002424,PATINETA,2025-06-27,18:34,15.1,2.77,2.49,NORTE,25.0,Efectivo
VJ000901,BICICLETA,2025-08-06,17:17,15.8,2.95,2.81,CENTRO,23.0,Tarjeta
VJ001774,PATINETA,2025-06-05,07:02,21.2,4.22,3.32,CENTRO,38.0,TARJETA
VJ002676,Bicicleta,2025-07-08,20:40,16.8,4.0,,Samborondon,33.0,TARJETA
VJ000475,Patineta,2025-08-28,10:32,11.7,2.66,2.18,Sur,16.0,Billetera digital
VJ001534,Scooter,2025-08-06,00:12,12.4,1.95,1.72,Samborondon,31.0,Billetera Digital
VJ002493, Bicicleta,2025-07-10,08:33,10.3,2.52,1.61, Norte,39.0,Billetera digital
VJ001739,Patineta,2025-06-14,23:23,11.6,3.09,1.49,Centro ,20.0,TARJETA
VJ002239,patineta,2025-06-05,10:28,19.9,2.75,2.96,CENTRO,33.0,BILLETERA DIGITAL
VJ002148,Bici,2025-06-08,01:34,1.0,0.1,0.86,Samborondón,37.0,TARJETA
VJ002715,bicicleta,2025-06-15,19:56,17.4,3.4,2.42,CENTRO,16.0,TARJETA
VJ000620,BICICLETA,2025-07-21,07:45,4.4,0.96,1.01,Sur,40.0,Efectivo
VJ002119,BICICLETA,2025-08-17,14:08,22.7,3.8,,sur,47.0,tarjeta
VJ002898, Bicicleta,2025-07-01,01:11,25.7,3.81,3.71,Centro,30.0,TARJETA
VJ000005, Patineta,2025-08-28,19:24,10.9,2.38,1.75,Centro,40.0,efectivo
VJ000922,patineta,2025-08-11,19:37,18.6,2.81,2.63,NORTE,44.0,efectivo
VJ002080,BICICLETA,2025-07-21,07:44,5.1,0.85,1.31,Norte,41.0,TARJETA
VJ001361,bicicleta,2025-06-04,10:51,12.1,3.05,2.07,Samborondón,22.0,TARJETA
VJ002727,Bicicleta,2025-08-20,05:03,5.8,1.48,1.13,norte,26.0,EFECTIVO
VJ002837, Bicicleta,2025-07-21,15:36,18.5,2.86,2.71,Norte,36.0,Billetera digital
VJ000436, Bicicleta,2025-06-01,17:56,28.6,4.53,3.33,norte,19.0,tarjeta
VJ001389,Bici,2025-08-17,22:04,1.0,0.16,0.66,Centro,36.0,efectivo
VJ000437,BICICLETA,2025-08-06,08:54,8.1,1.82,1.31,norte,16.0,TARJETA
VJ000073,bicicleta,2025-07-03,07:57,6.1,1.59,1.7,CENTRO,37.0,Efectivo
VJ002784, Bicicleta,2025-07-15,12:19,9.1,2.33,1.85,CENTRO,,Tarjeta
VJ000380,Bicicleta,2025-06-01,13:20,11.7,1.91,1.98,Norte,24.0,efectivo
VJ002353,Bici,2025-06-22,15:58,10.7,2.83,1.57,norte,,efectivo
VJ000482,Patineta,2025-08-07,20:32,-1.2,3.43,1.94,Samborondon,,BILLETERA DIGITAL
VJ001525,BICICLETA,2025-07-15,13:34,14.1,3.44,2.44,norte,20.0,TARJETA
VJ001870, Patineta,2025-07-21,08:19,24.1,3.45,3.76,centro,29.0,tarjeta
VJ000393,Bicicleta,2025-07-27,07:23,1.0,0.12,0.98,Centro,40.0,TARJETA
VJ002615,Scooter,2025-06-07,14:06,20.3,4.11,3.06,sur,16.0,efectivo
VJ001918,Bicicleta,2025-06-27,20:11,22.1,3.69,3.35,centro,36.0,billetera digital
VJ001066,Patineta,2025-08-22,14:52,12.3,2.29,2.12,Centro ,22.0,tarjeta
VJ002667,Bicicleta,2025-07-03,07:32,13.5,2.33,2.06,,30.0,Billetera digital
VJ001492,Patineta,2025-07-02,23:45,4.3,1.08,0.96,Sur,44.0,Efectivo
VJ000795,PATINETA,2025-08-09,10:26,16.5,2.57,2.45,Centro,40.0,TARJETA
VJ001314,bicicleta,2025-07-15,08:33,18.2,2.46,2.3,Centro ,21.0,EFECTIVO
VJ002805,BICICLETA,2025-06-22,11:49,10.4,1.6,,CENTRO,16.0,billetera digital
VJ000715,patineta,2025-07-07,04:07,9.1,2.33,1.75,samborondon,39.0,EFECTIVO
VJ002419,bicicleta,2025-06-05,10:31,13.9,2.54,2.28,centro,16.0,tarjeta
VJ000766,Patineta,2025-08-18,17:29,1.0,0.1,0.68,CENTRO,31.0,EFECTIVO
VJ001807,bicicleta,2025-07-06,18:12,8.0,1.62,1.78,Centro ,20.0,BILLETERA DIGITAL
VJ002852, Bicicleta,2025-08-05,00:19,9.8,1.86,1.29,centro,28.0,efectivo
VJ002012,BICICLETA,2025-08-04,12:35,1.4,0.32,,,24.0,efectivo
VJ000455,PATINETA,2025-08-16,16:11,377.5,2.81,2.03,Norte,36.0,Billetera Digital
VJ002734,bicicleta,2025-06-15,12:21,11.9,2.31,1.74,CENTRO,40.0,EFECTIVO
VJ002380,PATINETA,2025-06-09,17:19,5.5,1.32,,centro,22.0,Billetera digital
VJ000227, Bicicleta,2025-06-04,10:58,35.3,-2.0,5.11,Samborondón,37.0,efectivo
VJ001334,BICICLETA,2025-07-27,08:09,11.5,2.78,2.12,NORTE,36.0,TARJETA
VJ000753,Bicicleta,2025-08-22,16:55,17.8,3.82,2.72,centro,28.0,tarjeta
VJ000038,Scooter,2025-08-28,11:23,17.9,2.62,3.23,Centro,38.0,EFECTIVO
VJ000848,Bicicleta,2025-06-28,12:29,2.4,0.59,1.06,,39.0,EFECTIVO
VJ001091,bicicleta,2025-07-25,06:12,20.8,3.37,2.82,Centro ,26.0,Billetera Digital
VJ000168,Patineta,2025-06-13,18:48,17.9,4.46,2.69,sur,38.0,Billetera digital
VJ000454,BICICLETA,2025-08-22,23:29,1.5,0.3,0.34, Norte,25.0,TARJETA
VJ002137,Bici,2025-06-07,12:50,11.7,2.71,1.36,Centro ,26.0,BILLETERA DIGITAL
VJ000459, Bicicleta,2025-06-24,09:59,303.4,1.07,1.31,Samborondón,30.0,Billetera Digital
VJ002016,Bicicleta,2025-07-25,00:23,20.2,5.02,2.67,Centro,17.0,EFECTIVO
VJ000248,bicicleta,2025-06-12,09:46,25.8,5.32,3.97,Sur,27.0,efectivo
VJ000703,Bici,2025-08-13,21:32,17.4,2.86,2.31,,16.0,TARJETA
VJ000003, Bicicleta,2025-08-10,00:26,11.8,2.32,,centro,,billetera digital
VJ001441,Bici,2025-08-31,22:45,6.0,0.98,1.27,NORTE,25.0,efectivo
VJ000734,Scooter,2025-07-30,21:30,6.9,1.65,1.63,Centro ,21.0,Tarjeta
VJ001393,Scooter,2025-07-20,16:59,15.0,2.44,2.15,Norte,21.0,efectivo
VJ000218,Bici,2025-07-26,09:56,8.8,1.44,1.62,NORTE,30.0,Tarjeta
VJ001444, Bicicleta,2025-07-31,22:48,7.7,1.34,1.41,SUR,21.0,Billetera digital
VJ002244,BICICLETA,2025-06-29,18:38,8.3,1.83,226.95,centro,45.0,billetera digital
VJ002258, Patineta,2025-08-04,12:04,20.2,3.24,2.34,Norte,20.0,Tarjeta
VJ001224, Bicicleta,2025-07-16,12:40,11.2,1.85,1.73,SAMBORONDON,28.0,TARJETA
VJ001898,Bicicleta,2025-06-05,21:30,20.0,4.25,3.02,CENTRO,28.0,Efectivo
VJ001908, Patineta,2025-07-06,16:54,1.0,0.1,0.3,norte,16.0,efectivo
VJ002002,Bicicleta,2025-07-12,07:59,10.6,2.77,1.44,Centro,20.0,Efectivo
VJ001365,Scooter,2025-06-01,07:23,1.0,0.1,0.94,,36.0,efectivo
VJ002699, Bicicleta,2025-08-09,10:23,19.6,2.65,2.76,SUR,41.0,Billetera digital
VJ002185, Patineta,2025-08-14,17:02,28.0,4.72,3.53,centro,17.0,tarjeta
VJ000980,PATINETA,2025-07-05,15:07,21.2,2.99,3.01,Samborondon,25.0,Tarjeta
VJ000647,Bici,2025-07-15,23:14,12.2,3.04,2.17,,24.0,Billetera digital
VJ000525,Scooter,2025-07-29,18:45,25.7,3.78,3.26,SAMBORONDON,43.0,Billetera digital
VJ002870,bicicleta,2025-07-24,07:15,11.1,2.25,1.25,NORTE,37.0,Tarjeta
VJ001742,Bicicleta,2025-07-25,04:16,13.2,2.36,1.53,centro,47.0,Billetera digital
VJ001644,Bicicleta,2025-07-30,17:25,16.7,-2.0,2.72,SUR,42.0,Efectivo
VJ001513,Bici,2025-06-16,17:07,-1.2,1.04,1.66,Samborondon,17.0,Efectivo
VJ001900,Patineta,2025-06-03,18:09,13.6,2.61,1.87,SAMBORONDON,33.0,efectivo
VJ001872,Bicicleta,2025-06-08,14:16,7.8,1.33,1.17,Norte,35.0,tarjeta
VJ001997,patineta,2025-06-19,18:06,11.9,2.76,,CENTRO,34.0,BILLETERA DIGITAL
VJ002937,Bicicleta,2025-06-11,23:38,12.7,3.1,2.36,CENTRO,34.0,TARJETA
VJ001387,PATINETA,2025-06-22,06:21,18.7,3.42,2.7,Norte,24.0,Tarjeta
VJ001623,patineta,2025-08-31,07:54,13.6,3.46,1.82,centro,16.0,Tarjeta
VJ000966,Bicicleta,2025-08-03,07:14,5.2,1.28,1.61,Centro ,,tarjeta
VJ000314, Patineta,2025-06-13,07:52,25.7,3.81,3.58,centro,25.0,Tarjeta
VJ001682,Scooter,2025-07-07,08:14,8.6,2.17,1.37,CENTRO,20.0,efectivo
VJ001096,bicicleta,2025-07-14,06:31,14.2,2.21,2.65,SUR,18.0,efectivo
VJ000031,Patineta,2025-08-04,07:23,20.8,3.36,2.91,Centro,,Billetera Digital
VJ001791,Bici,2025-08-28,22:28,31.7,5.24,4.6,Centro,29.0,TARJETA
VJ002899,PATINETA,2025-06-22,13:12,15.7,3.34,2.2,SAMBORONDON,31.0,Tarjeta
VJ000015,patineta,2025-07-27,08:17,13.8,3.12,2.12,Norte,110.0,billetera digital
VJ000426, Bicicleta,2025-07-30,17:47,18.1,-2.0,2.62,centro,32.0,Efectivo
VJ002866,Patineta,2025-08-13,06:08,20.3,3.94,3.04,Samborondón,39.0,TARJETA
VJ002412,Bicicleta,2025-07-25,07:30,19.5,5.19,2.64,norte,20.0,Tarjeta
VJ000993,Scooter,2025-06-03,12:07,17.0,2.86,2.09,centro,32.0,TARJETA
VJ001685,Patineta,2025-08-29,19:35,8.9,1.32,1.13,Centro ,,Tarjeta
VJ002279,Bici,2025-07-22,20:36,12.1,2.72,,Samborondon,46.0,Tarjeta
VJ001665,bicicleta,2025-06-19,12:19,13.1,2.11,2.1,CENTRO,30.0,efectivo
VJ000334,patineta,2025-08-17,21:06,16.0,2.29,2.3,CENTRO,24.0,Billetera digital
VJ001751,Bici,2025-08-20,14:41,12.6,2.46,1.79,CENTRO,23.0,Billetera Digital
VJ000106,bicicleta,2025-08-31,22:07,10.5,2.55,1.87,Sur,30.0,tarjeta
VJ001327,Patineta,2025-08-01,18:59,12.8,3.32,2.13,centro,40.0,tarjeta
VJ002236,BICICLETA,2025-08-15,20:43,24.5,3.9,3.64,,22.0,BILLETERA DIGITAL
VJ002287,Bicicleta,2025-08-24,19:48,7.4,1.75,1.37,NORTE,16.0,EFECTIVO
VJ001769,Bicicleta,2025-07-09,07:14,8.7,1.99,1.87,NORTE,46.0,TARJETA
VJ000896, Bicicleta,2025-06-25,14:13,8.6,1.72,, Norte,31.0,tarjeta
VJ000359,Bicicleta,2025-08-19,22:02,1.7,0.33,0.42,Centro ,33.0,tarjeta
VJ000155, Bicicleta,2025-08-20,18:22,19.3,3.11,2.95,Centro,21.0,Tarjeta
VJ001620,PATINETA,2025-07-04,17:49,13.3,2.63,2.37,Centro ,35.0,TARJETA
VJ001349,Patineta,2025-06-20,14:22,26.8,4.99,4.18,NORTE,37.0,EFECTIVO
VJ000887,PATINETA,2025-06-04,16:57,10.5,1.63,1.39,samborondon,17.0,efectivo
VJ001724, Patineta,2025-07-10,18:15,21.6,3.47,2.88,centro,37.0,TARJETA
VJ001386, Patineta,2025-06-10,04:34,8.5,2.09,1.64,NORTE,24.0,tarjeta
VJ001536,Patineta,2025-07-18,10:05,13.2,3.2,2.55,NORTE,,BILLETERA DIGITAL
VJ000544,Scooter,2025-06-09,08:51,-5.0,1.18,1.48,SAMBORONDON,27.0,BILLETERA DIGITAL
VJ001172,BICICLETA,2025-08-11,06:21,436.3,3.26,185.53,CENTRO,24.0,BILLETERA DIGITAL
VJ000234,bicicleta,2025-06-25,19:16,9.6,2.2,1.72,samborondon,16.0,tarjeta
VJ001185,bicicleta,2025-07-07,06:51,0.0,2.0,1.12,NORTE,28.0,tarjeta
VJ000308,PATINETA,2025-08-12,19:25,10.9,2.47,1.96, Norte,26.0,billetera digital
VJ001251, Bicicleta,2025-08-24,07:41,3.1,0.63,0.67,sur,23.0,TARJETA
VJ001209,bicicleta,2025-07-24,08:55,15.5,2.48,2.82,CENTRO,42.0,Tarjeta
VJ001169, Bicicleta,2025-06-01,15:06,18.3,2.78,2.71,,32.0,Efectivo
VJ000856,Scooter,2025-07-09,15:48,7.6,1.28,1.78,CENTRO,,Tarjeta
VJ000565,BICICLETA,2025-08-31,15:24,13.1,2.56,2.06,CENTRO,16.0,Billetera Digital
VJ002188, Patineta,2025-06-13,15:43,7.7,1.42,1.64,Centro ,31.0,TARJETA
VJ000784, Bicicleta,2025-07-03,09:37,0.0,0.66,0.38,Centro,,Efectivo
VJ000165,BICICLETA,2025-06-28,20:38,12.1,2.46,2.45, Norte,48.0,TARJETA
VJ000755,Bicicleta,2025-07-20,16:53,18.3,3.58,2.84,centro,,BILLETERA DIGITAL
VJ002443,Scooter,2025-07-09,09:11,4.9,1.21,1.13,Centro,43.0,tarjeta
VJ001975, Bicicleta,2025-08-31,12:55,15.1,3.54,2.5,SAMBORONDON,16.0,tarjeta
VJ002492,PATINETA,2025-08-27,07:28,21.3,4.55,3.24,Centro,31.0,Billetera Digital
VJ002024,Patineta,2025-07-11,16:15,27.7,4.77,3.41,NORTE,42.0,Tarjeta
VJ000764,PATINETA,2025-06-13,00:44,30.6,5.26,4.46,SUR,33.0,tarjeta
VJ000440,Bicicleta,2025-07-09,09:30,8.5,1.65,1.37,Centro,33.0,tarjeta
VJ002823,Bicicleta,2025-06-08,20:41,18.3,3.99,,samborondon,45.0,tarjeta
VJ002200,PATINETA,2025-06-30,23:18,22.3,4.23,3.29,CENTRO,38.0,BILLETERA DIGITAL
VJ000977,patineta,2025-06-11,20:56,345.4,2.46,1.18,Samborondon,31.0,BILLETERA DIGITAL
VJ001531,Scooter,2025-08-29,18:03,19.8,3.39,2.38,Samborondon,22.0,billetera digital
VJ001581,Bicicleta,2025-07-21,13:17,0.0,3.29,2.35,Sur,24.0,TARJETA
VJ002277,Bicicleta,2025-08-01,23:43,12.6,2.1,132.1,centro,30.0,tarjeta
VJ002779, Bicicleta,2025-07-09,07:12,368.9,2.07,2.03,sur,,tarjeta
VJ002201, Patineta,2025-08-30,08:34,23.5,3.68,2.62,NORTE,21.0,tarjeta
VJ000377,Bici,2025-08-19,06:53,14.3,3.51,2.39,norte,27.0,EFECTIVO
VJ000986,Bici,2025-08-12,05:26,5.1,1.01,1.09,Samborondón,95.0,tarjeta
VJ000142,Bici,2025-06-24,22:44,12.8,3.29,2.26,norte,20.0,efectivo
VJ001641,Bicicleta,2025-06-13,06:46,14.6,2.74,2.41,Norte,16.0,Tarjeta
VJ002267,Patineta,2025-07-25,21:12,14.4,2.42,2.03,Centro ,110.0,tarjeta
VJ002408,patineta,2025-08-07,07:51,9.5,1.83,,CENTRO,45.0,tarjeta
VJ001596,Bici,2025-07-22,07:31,18.6,4.29,2.58,Centro ,40.0,
VJ002009,Bicicleta,2025-07-26,17:45,17.4,2.41,2.34,Samborondon,22.0,Tarjeta
VJ000236,Scooter,2025-08-10,20:10,15.5,3.58,2.13,Centro,33.0,tarjeta
VJ000056,PATINETA,2025-06-14,23:39,12.3,2.6,1.57, Norte,36.0,Efectivo
VJ000529,Patineta,2025-07-15,19:15,32.0,4.38,4.3,,31.0,TARJETA
VJ002421, Patineta,2025-07-29,17:12,13.4,3.17,2.25,centro,27.0,tarjeta
VJ001286,Bici,2025-07-19,13:37,12.8,3.2,2.1,Centro,25.0,billetera digital
VJ000159,bicicleta,2025-06-03,08:17,12.4,2.64,,centro,25.0,tarjeta
VJ001112,bicicleta,2025-08-16,19:39,6.3,1.64,1.49,CENTRO,35.0,Billetera digital
VJ000301, Patineta,2025-08-08,14:34,16.0,2.24,2.97,sur,31.0,Billetera digital
VJ000305,bicicleta,2025-07-11,13:48,448.3,1.99,2.0,SAMBORONDON,28.0,EFECTIVO
VJ002394,PATINETA,2025-07-02,06:07,2.8,0.63,1.19,NORTE,36.0,Billetera digital
VJ002692,Bicicleta,2025-08-14,18:45,10.4,2.29,1.87,CENTRO,36.0,TARJETA
VJ001434, Patineta,2025-07-23,13:13,12.7,3.1,2.37,centro,27.0,efectivo
VJ002619,bicicleta,2025-06-26,19:35,7.9,1.77,0.95,NORTE,36.0,BILLETERA DIGITAL
VJ001967, Bicicleta,2025-06-04,03:50,10.9,2.11,1.68,Norte,35.0,efectivo
VJ000868,patineta,2025-06-14,07:33,38.9,-0.5,5.56,Sur,29.0,
VJ001087, Bicicleta,2025-08-30,06:57,16.3,3.72,2.44,samborondon,26.0,efectivo
VJ001787, Bicicleta,2025-06-29,14:47,1.0,0.1,0.85,NORTE,40.0,BILLETERA DIGITAL
VJ000447,Bici,2025-07-15,06:37,4.5,0.7,1.1,centro,41.0,tarjeta
VJ002301,PATINETA,2025-07-02,19:53,15.2,2.93,1.84, Norte,32.0,tarjeta
VJ001701,Patineta,2025-06-16,08:49,18.7,4.1,2.62,sur,30.0,efectivo
VJ001013,BICICLETA,2025-06-08,07:03,23.5,3.7,2.8,Norte,18.0,TARJETA
VJ001740, Patineta,2025-07-08,07:27,19.1,3.23,2.68,SUR,28.0,TARJETA
VJ002502,PATINETA,2025-06-08,07:13,221.0,3.25,2.16,samborondon,28.0,tarjeta
VJ000265,PATINETA,2025-07-30,08:10,26.9,4.48,4.38,Samborondon,39.0,Tarjeta
VJ000513,bicicleta,2025-08-01,18:36,16.2,2.53,2.39,CENTRO,28.0,EFECTIVO
VJ001088,BICICLETA,2025-08-11,05:22,22.0,3.04,91.9,Samborondón,16.0,EFECTIVO
VJ002811,PATINETA,2025-07-17,20:34,7.7,1.76,1.08,,26.0,BILLETERA DIGITAL
VJ000754,Scooter,2025-07-29,18:45,18.6,3.25,2.29,SAMBORONDON,36.0,billetera digital
VJ001362,BICICLETA,2025-07-05,10:51,13.9,2.67,2.47,Samborondon,,billetera digital
VJ001373,Bicicleta,2025-06-28,18:40,12.3,2.48,2.11, Norte,26.0,EFECTIVO
VJ000645,Scooter,2025-08-24,18:34,17.6,2.94,2.46,Samborondon,46.0,efectivo
VJ000567,Scooter,2025-07-15,02:27,4.3,0.83,0.56,centro,38.0,tarjeta
VJ000985,BICICLETA,2025-08-06,11:41,19.0,2.59,2.91,Norte,17.0,tarjeta
VJ001023,bicicleta,2025-06-24,05:38,15.8,4.15,2.79,Centro,31.0,tarjeta
VJ001109, Patineta,2025-06-10,17:45,6.0,1.33,1.68,NORTE,48.0,Tarjeta
VJ002385,BICICLETA,2025-07-23,18:39,10.9,1.46,1.68,CENTRO,28.0,tarjeta
VJ001183,Patineta,2025-06-18,06:24,-1.2,2.9,2.3,,25.0,billetera digital
VJ002146,Bicicleta,2025-06-01,17:01,0.0,1.46,1.41,centro,25.0,TARJETA
VJ001462,Patineta,2025-07-01,17:11,7.5,1.83,1.52,Norte,,Tarjeta
VJ002995,PATINETA,2025-07-04,17:48,3.9,0.98,0.9,norte,16.0,Tarjeta
VJ002404, Patineta,2025-07-14,13:48,11.6,2.67,1.49,Samborondon,32.0,TARJETA
VJ000863,Scooter,2025-06-30,18:15,1.0,0.17,0.3,Samborondón,27.0,billetera digital
VJ002190,Bici,2025-08-05,13:27,10.5,2.26,1.59,NORTE,19.0,Efectivo
VJ002609,bicicleta,2025-07-31,06:33,2.5,0.38,0.83,Centro,95.0,tarjeta
VJ002597,Scooter,2025-07-31,08:18,17.1,2.89,2.68,,,Billetera Digital
VJ000893, Patineta,2025-06-18,15:26,15.9,3.09,,Centro,27.0,Billetera digital
VJ001378, Patineta,2025-08-21,18:33,12.3,2.8,1.83,CENTRO,27.0,efectivo
VJ000068,patineta,2025-06-06,10:41,5.9,1.43,1.32,SUR,,Billetera Digital
VJ000461,Scooter,2025-06-26,00:47,18.9,3.0,2.82, Norte,16.0,Tarjeta
VJ001495,BICICLETA,2025-06-10,08:11,4.8,1.19,0.97,norte,23.0,Efectivo
VJ002325, Patineta,2025-06-12,14:12,10.3,1.85,1.89,centro,42.0,tarjeta
VJ001061,BICICLETA,2025-07-23,03:13,1.8,0.44,0.9,Norte,38.0,BILLETERA DIGITAL
VJ002546,Bicicleta,2025-06-03,21:33,16.3,4.02,,centro,33.0,Billetera Digital
VJ001484,bicicleta,2025-07-21,20:30,17.4,0.0,2.77,CENTRO,26.0,TARJETA
VJ000698,patineta,2025-08-23,16:48,3.9,0.86,1.28,Centro ,35.0,Tarjeta
VJ000326,Scooter,2025-06-13,08:14,15.8,3.41,2.42,Centro,,efectivo
VJ000546, Bicicleta,2025-06-25,09:51,28.7,3.85,4.06,norte,28.0,Tarjeta
VJ002054,bicicleta,2025-06-27,08:57,14.0,3.16,2.15,SAMBORONDON,34.0,tarjeta
VJ000401,bicicleta,2025-08-19,14:49,10.2,2.08,1.75,centro,34.0,efectivo
VJ001427,bicicleta,2025-08-19,06:19,7.1,1.79,1.2,CENTRO,49.0,TARJETA
VJ002604,Scooter,2025-07-08,11:46,3.9,0.86,0.94,Centro,26.0,TARJETA
VJ001093, Patineta,2025-07-03,08:41,13.3,3.45,2.04,samborondon,33.0,tarjeta
VJ002406,BICICLETA,2025-06-11,06:05,13.9,2.97,1.78,Norte,25.0,Billetera digital
VJ000185,Bicicleta,2025-08-05,09:59,18.4,2.87,3.32, Norte,16.0,EFECTIVO
VJ000663,PATINETA,2025-08-22,05:15,20.9,4.69,3.2,Centro,110.0,tarjeta
VJ000241, Bicicleta,2025-06-30,06:32,17.2,3.47,,Norte,16.0,EFECTIVO
VJ001636,Bici,2025-07-16,07:06,20.0,2.72,3.19,samborondon,23.0,TARJETA
VJ001516,patineta,2025-08-26,08:55,3.5,0.56,0.49,centro,,tarjeta
VJ001078,Bici,2025-06-28,09:55,18.1,2.83,2.81,centro,36.0,BILLETERA DIGITAL
VJ001004,Bicicleta,2025-07-21,19:46,7.4,1.31,1.61,SUR,40.0,TARJETA
VJ000247,bicicleta,2025-08-04,18:03,20.5,3.17,3.16,Centro,16.0,efectivo
VJ000242,Scooter,2025-08-24,15:06,12.7,2.24,1.59,Centro,32.0,efectivo
VJ000077,Bici,2025-07-18,07:44,10.7,2.22,1.78,samborondon,36.0,tarjeta
VJ002531,PATINETA,2025-07-18,07:45,4.6,1.21,1.27,Samborondon,,Billetera Digital
VJ000913, Bicicleta,2025-06-11,15:19,17.0,3.82,2.13,Centro,39.0,Tarjeta
VJ002460,Scooter,2025-08-30,12:18,12.6,2.75,, Norte,36.0,Tarjeta
VJ002147, Bicicleta,2025-06-18,08:11,12.1,2.53,2.62,sur,32.0,TARJETA
VJ000623,bicicleta,2025-08-30,19:49,8.1,1.88,1.59,Centro,16.0,EFECTIVO
VJ000833,Bicicleta,2025-08-02,21:15,6.9,1.03,1.34,Centro,35.0,TARJETA
VJ001681,Bicicleta,2025-08-06,18:36,17.2,4.03,2.36,sur,21.0,tarjeta
VJ001035,Bicicleta,2025-08-20,08:19,19.8,5.13,2.94,norte,16.0,tarjeta
VJ001970,Scooter,2025-07-16,12:23,10.9,1.57,1.78,CENTRO,17.0,efectivo
VJ001774,PATINETA,2025-06-05,07:02,21.2,4.22,3.32,CENTRO,38.0,TARJETA
VJ000028,bicicleta,2025-08-06,02:14,17.8,2.39,2.84, Norte,33.0,Billetera Digital
VJ000861,patineta,2025-07-29,19:33,2.5,0.67,0.67,CENTRO,16.0,Billetera Digital
VJ001813, Bicicleta,2025-07-29,18:41,11.5,2.98,1.84,SAMBORONDON,16.0,EFECTIVO
VJ001179, Bicicleta,2025-06-18,23:18,15.7,2.63,2.03,Samborondón,37.0,Billetera digital
VJ000590, Patineta,2025-06-11,18:30,20.7,2.76,2.62, Norte,22.0,Tarjeta
VJ002859,bicicleta,2025-06-13,06:39,5.6,1.29,0.93,CENTRO,,Tarjeta
VJ001654,PATINETA,2025-08-01,07:45,14.0,3.43,2.17, Norte,29.0,Efectivo
VJ000607,patineta,2025-06-06,08:52,16.8,2.49,,Centro ,23.0,
VJ000593,Bici,2025-06-12,21:24,10.9,2.08,1.95,SAMBORONDON,36.0,Efectivo
VJ001079, Bicicleta,2025-08-23,04:24,15.2,2.69,2.92,centro,18.0,TARJETA
VJ001075,bicicleta,2025-08-14,13:59,20.3,4.64,2.74,Samborondón,18.0,tarjeta
VJ002543, Patineta,2025-08-03,12:22,23.8,3.34,3.67,Samborondón,43.0,TARJETA
VJ002264,BICICLETA,2025-06-24,12:47,-5.0,1.13,1.65,Centro ,23.0,billetera digital
VJ001068,Patineta,2025-06-12,12:42,11.0,2.54,1.65,CENTRO,28.0,tarjeta
VJ000063,PATINETA,2025-06-14,12:31,26.1,3.97,,SUR,23.0,Tarjeta
VJ001995,bicicleta,2025-08-20,08:03,3.2,0.51,0.92,Sur,31.0,billetera digital
VJ002673,BICICLETA,2025-08-21,05:11,26.9,6.44,3.14,NORTE,42.0,efectivo
VJ000942,bicicleta,2025-08-13,20:41,7.8,1.42,,norte,22.0,EFECTIVO
VJ000111,BICICLETA,2025-06-03,12:40,5.7,1.38,1.36,norte,28.0,Billetera digital
VJ002004,Scooter,2025-08-06,17:27,7.2,1.85,1.58, Norte,33.0,BILLETERA DIGITAL
VJ002447,bicicleta,2025-07-09,10:03,6.1,1.5,, Norte,41.0,Billetera Digital
VJ002885,bicicleta,2025-06-06,02:57,18.2,3.16,2.47,Samborondon,21.0,TARJETA
VJ001883,Scooter,2025-08-26,19:12,19.6,4.44,3.07,Centro ,37.0,Tarjeta
VJ001121,BICICLETA,2025-08-19,18:59,21.0,3.61,3.13,SAMBORONDON,26.0,Tarjeta
VJ001018, Patineta,2025-06-16,08:36,6.0,1.0,1.14,Sur,29.0,tarjeta
VJ000181, Bicicleta,2025-07-09,20:18,11.1,2.91,1.84,Samborondon,16.0,billetera digital
VJ002093, Patineta,2025-06-06,19:41,5.8,1.14,0.77,SAMBORONDON,34.0,Tarjeta
VJ002367,BICICLETA,2025-06-10,12:38,27.5,5.01,3.55,SAMBORONDON,32.0,efectivo
VJ001897,bicicleta,2025-08-31,08:23,20.0,3.74,2.84, Norte,39.0,Billetera Digital
VJ002047, Bicicleta,2025-08-09,12:18,14.1,3.67,2.25,SAMBORONDON,37.0,billetera digital
VJ000055,patineta,2025-07-29,16:58,17.2,2.83,2.36,NORTE,18.0,tarjeta
VJ000889,Bici,2025-06-12,17:01,11.9,2.69,1.7,Samborondón,29.0,tarjeta
VJ001190,BICICLETA,2025-08-25,17:08,17.7,2.59,2.87,Sur,16.0,Tarjeta
VJ002272,PATINETA,2025-06-29,12:17,25.9,3.64,3.68,SAMBORONDON,95.0,billetera digital
VJ000468,bicicleta,2025-07-04,08:16,5.1,1.16,0.76,Norte,19.0,efectivo
VJ000900,Scooter,2025-06-13,18:45,28.3,3.92,3.58,Norte,29.0,TARJETA
VJ000733, Patineta,2025-08-04,06:54,10.1,2.11,1.81, Norte,44.0,tarjeta
VJ002138,Bicicleta,2025-06-15,19:46,9.6,2.21,1.47,Norte,27.0,Billetera digital
VJ001775,PATINETA,2025-06-22,05:23,7.1,1.7,0.92,Norte,22.0,efectivo
VJ002390, Bicicleta,2025-08-31,08:20,10.8,2.73,1.88,Norte,37.0,EFECTIVO
VJ001966,bicicleta,2025-06-15,20:51,14.2,3.01,2.22,NORTE,27.0,efectivo
VJ002884, Patineta,2025-06-06,19:57,6.0,0.84,1.11,Sur,25.0,Tarjeta
VJ001401,Patineta,2025-07-15,21:24,11.9,1.99,2.31,Centro ,50.0,BILLETERA DIGITAL
VJ002827,PATINETA,2025-06-09,00:24,23.8,3.42,3.58,norte,38.0,tarjeta
VJ002487, Bicicleta,2025-06-30,15:44,14.4,2.67,2.25,Centro,23.0,Tarjeta
VJ000067,bicicleta,2025-08-04,18:58,14.5,2.5,2.47,SAMBORONDON,25.0,BILLETERA DIGITAL
VJ002688,bicicleta,2025-07-14,16:27,23.8,5.33,2.81,Centro,33.0,Tarjeta
VJ000427,Scooter,2025-06-06,06:34,23.8,4.23,2.96,Centro,18.0,TARJETA
VJ002595,BICICLETA,2025-07-15,07:25,16.3,3.05,2.84,Centro,28.0,Efectivo
VJ002552,Scooter,2025-06-25,21:46,8.2,2.11,1.41,SAMBORONDON,29.0,Billetera digital
VJ001778,Bici,2025-07-22,14:44,3.5,0.89,1.01,norte,19.0,Billetera Digital
VJ001805,Patineta,2025-07-03,07:40,9.6,2.46,1.46,centro,30.0,BILLETERA DIGITAL
VJ000299, Bicicleta,2025-06-27,18:49,20.1,2.75,2.99,Sur,40.0,TARJETA
VJ000846, Bicicleta,2025-08-01,07:57,12.5,2.46,2.09,norte,41.0,Tarjeta
VJ001063,Patineta,2025-07-30,21:47,20.9,3.45,2.82,Centro,20.0,BILLETERA DIGITAL
VJ001274, Bicicleta,2025-06-02,07:43,16.3,3.38,2.49,Sur,31.0,Efectivo
VJ000968, Patineta,2025-07-13,07:18,11.6,2.9,1.63,Centro ,49.0,Tarjeta
VJ002538, Bicicleta,2025-07-28,05:47,8.9,1.64,1.24,SAMBORONDON,25.0,Tarjeta
VJ002431,BICICLETA,2025-07-08,07:55,1.6,0.4,0.55, Norte,35.0,Billetera Digital
VJ002169,Scooter,2025-06-18,16:32,1.0,0.1,0.55,Centro ,32.0,Billetera digital
VJ000880,Scooter,2025-08-29,12:49,18.6,3.49,, Norte,20.0,BILLETERA DIGITAL
VJ001983,patineta,2025-08-13,22:27,8.3,1.83,1.48,SUR,22.0,Tarjeta
VJ001447,Bici,2025-08-17,23:09,14.4,3.72,2.23,Sur,26.0,Billetera digital
VJ000658,BICICLETA,2025-07-05,06:49,8.9,1.43,1.79,SAMBORONDON,26.0,TARJETA
VJ000304,BICICLETA,2025-06-14,13:56,15.4,3.37,2.72,NORTE,23.0,EFECTIVO
VJ000347,Bicicleta,2025-08-24,10:52,14.2,3.26,2.81,sur,32.0,billetera digital
VJ001277,BICICLETA,2025-06-10,23:14,7.8,1.67,1.37,Samborondon,36.0,efectivo
VJ002441,Bicicleta,2025-08-02,13:48,16.9,3.62,2.72, Norte,36.0,Tarjeta
VJ002948,Patineta,2025-07-02,07:09,11.2,2.0,2.05,norte,,tarjeta
VJ002142, Bicicleta,2025-08-13,05:37,15.6,2.66,2.58,Samborondón,33.0,BILLETERA DIGITAL
VJ002638,Scooter,2025-08-26,08:21,22.4,4.38,2.7,norte,27.0,Tarjeta
VJ002450,BICICLETA,2025-08-02,18:25,12.4,-0.5,2.2,,,efectivo
VJ002537,bicicleta,2025-08-01,17:14,11.5,1.79,1.68,CENTRO,34.0,Tarjeta
VJ000724,bicicleta,2025-06-19,15:23,17.1,3.84,2.94,NORTE,35.0,BILLETERA DIGITAL
VJ001458, Bicicleta,2025-08-28,01:47,11.6,2.36,1.79,norte,,Tarjeta
VJ001765,Bicicleta,2025-08-07,09:43,1.0,0.1,0.63,Samborondon,33.0,TARJETA
VJ000728,Bicicleta,2025-07-10,14:18,11.9,1.68,2.15,Norte,16.0,BILLETERA DIGITAL
VJ000605, Patineta,2025-06-02,20:58,24.8,3.41,3.63,SUR,44.0,Billetera digital
VJ002965,Bici,2025-06-27,16:09,17.1,4.17,2.45,samborondon,39.0,Billetera Digital
VJ000891,BICICLETA,2025-06-29,21:29,10.2,1.86,1.95,Centro ,37.0,Efectivo
VJ002971,bicicleta,2025-06-06,15:06,20.7,2.94,2.97,Sur,,Billetera digital
VJ000967,Scooter,2025-06-11,08:56,11.5,2.3,1.56, Norte,28.0,EFECTIVO
VJ000375,BICICLETA,2025-06-09,07:21,10.2,2.71,1.59,norte,29.0,efectivo
VJ002602,bicicleta,2025-07-12,16:20,3.0,0.78,1.1,NORTE,,Billetera digital
VJ002117,BICICLETA,2025-08-16,07:11,9.2,2.32,1.73,Centro ,39.0,EFECTIVO
VJ001840,bicicleta,2025-06-21,07:40,24.4,3.28,3.51,Samborondón,41.0,tarjeta
VJ000290,patineta,2025-08-02,07:28,9.9,2.3,2.03,Sur,33.0,TARJETA
VJ002834,Bicicleta,2025-08-13,14:08,10.4,2.22,1.8,Centro,34.0,tarjeta
VJ000824,Bici,2025-06-30,08:04,19.3,4.74,2.68,NORTE,,tarjeta
VJ000286,Scooter,2025-07-05,07:49,8.4,1.85,1.4,NORTE,16.0,tarjeta
VJ001077,Bicicleta,2025-07-13,12:59,7.8,2.08,1.51, Norte,17.0,BILLETERA DIGITAL
VJ000010,Scooter,2025-07-05,18:16,18.0,4.2,1.78,norte,33.0,Billetera digital
VJ001371, Bicicleta,2025-08-08,13:21,16.8,4.46,2.53, Norte,16.0,EFECTIVO
VJ001290,PATINETA,2025-06-30,13:03,27.3,3.7,3.9,Samborondón,16.0,BILLETERA DIGITAL
VJ001381,Bici,2025-07-28,17:18,25.7,4.04,3.5,Samborondón,110.0,TARJETA
VJ000662,Patineta,2025-08-04,08:39,19.2,2.87,2.38,Norte,34.0,TARJETA
VJ001839,Scooter,2025-07-23,01:04,21.9,4.19,3.12,norte,22.0,tarjeta
VJ000602,Bicicleta,2025-07-24,22:00,23.1,4.32,3.35,Samborondón,27.0,TARJETA
VJ000845,Bicicleta,2025-08-28,13:36,23.0,3.8,2.86,Samborondón,31.0,
VJ002197,patineta,2025-08-07,06:34,21.5,3.6,3.46,Norte,44.0,Billetera Digital
VJ000177,Bicicleta,2025-06-11,18:17,9.5,1.58,1.66,Centro ,,efectivo
VJ001301,patineta,2025-08-01,06:14,25.1,3.43,3.61,Samborondón,23.0,tarjeta
VJ000472,bicicleta,2025-08-08,11:19,16.0,2.18,2.45,centro,27.0,tarjeta
VJ002318,bicicleta,2025-06-04,19:35,16.8,3.77,2.98,SUR,34.0,Tarjeta
VJ002108,Scooter,2025-06-25,06:03,16.2,2.97,2.27,NORTE,33.0,efectivo
VJ001838,BICICLETA,2025-07-31,07:55,221.2,1.36,1.17,,31.0,Billetera digital
VJ002403,Patineta,2025-07-18,20:36,7.8,1.7,1.95,SAMBORONDON,37.0,Tarjeta
VJ002302,Scooter,2025-08-05,17:35,24.0,4.15,3.59,Centro,24.0,Billetera digital
VJ001000,bicicleta,2025-06-22,20:46,6.5,1.59,1.36,centro,41.0,TARJETA
VJ000563,Scooter,2025-08-17,12:19,14.2,2.9,2.53,Sur,39.0,TARJETA
VJ001232, Bicicleta,2025-08-23,11:24,11.1,2.15,1.95,centro,37.0,efectivo
VJ001092,patineta,2025-07-05,12:26,6.3,1.25,2.13,SAMBORONDON,27.0,TARJETA
VJ001745, Patineta,2025-06-01,20:18,16.1,2.36,,Centro,41.0,EFECTIVO
VJ002769,bicicleta,2025-07-20,07:16,8.9,2.06,, Norte,25.0,efectivo
VJ000549,PATINETA,2025-06-06,18:23,14.7,3.37,2.5,Centro,34.0,BILLETERA DIGITAL
VJ001137,Scooter,2025-08-05,02:48,1.2,0.33,0.88,sur,29.0,Tarjeta
VJ000120, Patineta,2025-06-28,18:52,14.3,3.46,2.36,centro,,Efectivo
VJ001446,Patineta,2025-08-25,15:30,9.2,2.33,1.95,SAMBORONDON,16.0,Tarjeta
VJ002471,PATINETA,2025-06-09,09:21,18.4,4.46,2.38,SAMBORONDON,,TARJETA
VJ000854,bicicleta,2025-08-28,04:41,10.4,1.93,2.0,,32.0,TARJETA
VJ001914,Bicicleta,2025-06-25,07:45,4.9,1.21,0.94,Samborondon,18.0,EFECTIVO
VJ000039, Bicicleta,2025-08-28,16:43,12.4,2.91,2.13,Centro ,16.0,Tarjeta
VJ002653,Scooter,2025-06-11,13:27,23.2,3.52,2.91,norte,29.0,Efectivo
VJ001236, Bicicleta,2025-07-16,18:03,14.7,2.61,2.09,Norte,34.0,efectivo
VJ001410, Bicicleta,2025-07-19,16:45,12.0,2.61,2.22,NORTE,37.0,TARJETA
VJ001254,Bici,2025-06-02,22:22,273.3,3.72,3.82,Norte,35.0,tarjeta
VJ000018,Scooter,2025-07-06,12:14,2.3,0.47,0.86,centro,25.0,billetera digital
VJ000394,Bici,2025-08-02,13:20,3.3,0.58,1.14,centro,23.0,billetera digital
VJ002818, Bicicleta,2025-07-06,08:06,4.2,0.64,0.53,Centro,39.0,Tarjeta
VJ001954,Bicicleta,2025-07-25,18:35,18.6,3.12,2.65,norte,46.0,tarjeta
VJ000515,BICICLETA,2025-07-27,12:01,17.5,3.59,2.27, Norte,30.0,tarjeta
VJ001576, Bicicleta,2025-07-29,01:36,4.8,0.64,0.69, Norte,40.0,efectivo
VJ001876,Bici,2025-06-26,10:01,3.4,0.67,1.14,Norte,33.0,tarjeta
VJ002350,patineta,2025-08-05,18:59,10.5,2.3,1.55,Norte,34.0,tarjeta
VJ001705,BICICLETA,2025-06-23,06:33,15.4,3.14,2.27,norte,26.0,BILLETERA DIGITAL
VJ002872,Bici,2025-08-05,19:48,8.3,2.05,1.96,samborondon,25.0,TARJETA
VJ002074,Patineta,2025-06-25,18:38,9.6,2.21,1.97,sur,42.0,Tarjeta
VJ001800,Bici,2025-07-05,07:02,6.4,1.09,1.56,sur,33.0,Tarjeta
VJ001779,PATINETA,2025-08-25,18:57,17.7,2.43,2.49,SAMBORONDON,29.0,efectivo
VJ001404,PATINETA,2025-06-07,14:17,9.6,1.9,1.67,Centro,29.0,Efectivo
VJ000087,bicicleta,2025-08-17,12:56,4.0,0.97,0.94,,23.0,TARJETA
VJ000682,Patineta,2025-08-06,05:11,8.5,1.57,1.72,Centro ,31.0,Tarjeta
VJ002774,PATINETA,2025-07-08,13:32,18.8,3.9,2.86,Samborondon,34.0,Billetera Digital
VJ002468, Bicicleta,2025-08-19,18:57,11.0,2.65,1.59,sur,,BILLETERA DIGITAL
VJ002648, Patineta,2025-07-20,18:22,3.2,0.72,,Centro ,45.0,efectivo
VJ000087,bicicleta,2025-08-17,12:56,4.0,0.97,0.94,,23.0,TARJETA
VJ001203,bicicleta,2025-07-24,05:46,14.4,2.94,2.35,CENTRO,36.0,Tarjeta
VJ001833,bicicleta,2025-08-05,17:20,2.4,0.4,0.71,Sur,16.0,BILLETERA DIGITAL
VJ000052,BICICLETA,2025-08-07,14:18,13.0,1.93,2.23,SUR,26.0,tarjeta
VJ001626,PATINETA,2025-07-07,20:57,15.6,2.64,2.37, Norte,28.0,Efectivo
VJ002780, Bicicleta,2025-06-17,12:10,0.0,2.13,2.32,NORTE,29.0,billetera digital
VJ001981,Bici,2025-07-08,09:54,16.3,2.22,2.58,SUR,37.0,tarjeta
VJ000818,Bicicleta,2025-07-19,13:17,9.6,1.78,1.15,SUR,39.0,TARJETA
VJ000341,PATINETA,2025-08-21,08:59,2.7,0.57,,sur,27.0,EFECTIVO
VJ001428,Bici,2025-06-05,14:07,8.7,1.8,1.11,sur,39.0,EFECTIVO
VJ001878, Bicicleta,2025-06-01,18:18,191.0,1.06,1.2,centro,,Tarjeta
VJ000610,Bici,2025-08-22,12:55,3.1,0.76,1.0,sur,29.0,tarjeta
VJ000621,PATINETA,2025-06-14,13:22,10.8,2.66,1.67,CENTRO,23.0,Efectivo
VJ002505,bicicleta,2025-07-03,16:48,14.5,2.73,1.31,norte,30.0,Billetera digital
VJ002320,Bici,2025-08-04,17:25,9.0,1.93,1.51,,38.0,Efectivo
VJ002950,Bici,2025-07-13,07:06,3.3,0.65,0.86,NORTE,16.0,TARJETA
VJ000202,Scooter,2025-08-26,16:52,13.4,2.28,2.31,CENTRO,43.0,tarjeta
VJ001547,PATINETA,2025-06-27,16:25,14.3,2.04,215.97,norte,31.0,Billetera digital
VJ002596,Scooter,2025-08-22,19:16,8.1,1.91,,norte,20.0,efectivo
VJ002761,patineta,2025-08-05,12:25,8.6,1.55,1.23,Centro ,30.0,EFECTIVO
VJ001888,Scooter,2025-08-26,12:17,24.5,3.5,3.7,Centro,40.0,EFECTIVO
VJ001475,BICICLETA,2025-08-23,06:06,1.0,0.1,0.3,NORTE,22.0,TARJETA
VJ002666, Bicicleta,2025-06-08,22:44,10.3,2.26,1.84, Norte,32.0,tarjeta
VJ000915, Patineta,2025-08-24,15:55,22.0,3.19,2.95,sur,40.0,TARJETA
VJ002814,Bicicleta,2025-07-27,10:49,1.0,0.16,1.11,NORTE,37.0,EFECTIVO
VJ000577,patineta,2025-08-10,23:46,9.5,1.38,1.86,CENTRO,22.0,TARJETA
VJ002856,patineta,2025-08-25,18:59,12.2,2.11,2.13,sur,19.0,Efectivo
VJ000821,bicicleta,2025-08-26,12:50,7.2,1.86,1.23,CENTRO,42.0,tarjeta
VJ001395,PATINETA,2025-07-02,19:50,13.9,2.63,2.26,,28.0,Tarjeta
VJ002230,PATINETA,2025-07-07,07:21,8.6,2.19,1.81,Norte,17.0,Efectivo
VJ000675,PATINETA,2025-08-15,17:11,7.6,1.87,1.73,,19.0,efectivo
VJ002611,Bici,2025-08-04,07:51,27.3,3.78,,CENTRO,26.0,BILLETERA DIGITAL
VJ000285,bicicleta,2025-06-15,09:44,20.6,3.76,2.96,centro,33.0,Tarjeta
VJ002056, Bicicleta,2025-08-08,07:27,10.1,1.94,2.0,CENTRO,95.0,EFECTIVO
VJ002775, Patineta,2025-06-23,07:21,7.5,1.59,1.54,sur,29.0,Efectivo
VJ000318,Scooter,2025-06-02,06:15,23.1,3.93,3.16,centro,,TARJETA
VJ000773,Scooter,2025-06-25,19:13,12.0,1.64,,CENTRO,5.0,Efectivo
VJ001664, Bicicleta,2025-08-27,12:21,25.3,4.99,,Sur,110.0,efectivo
VJ000346,Scooter,2025-08-07,04:17,13.7,2.77,1.26,samborondon,30.0,Tarjeta
VJ001468,PATINETA,2025-08-21,16:31,12.4,2.54,2.5,Centro ,24.0,tarjeta
VJ001529,Patineta,2025-07-01,17:54,4.5,0.72,0.99,Samborondon,40.0,Efectivo
VJ001243,Bicicleta,2025-06-10,06:44,5.7,1.32,1.26,sur,,TARJETA
VJ001569,patineta,2025-07-30,17:57,11.1,2.23,2.14,samborondon,16.0,TARJETA
VJ001949, Bicicleta,2025-07-17,19:35,14.9,3.3,2.41,Norte,42.0,EFECTIVO
VJ001278,bicicleta,2025-08-07,17:27,11.1,2.44,2.11,Centro ,24.0,Tarjeta
VJ002820,Bicicleta,2025-08-22,18:36,15.5,2.7,2.48,Norte,24.0,Efectivo
VJ000511,Bici,2025-08-26,20:16,12.8,2.33,2.02,CENTRO,27.0,TARJETA
VJ000646,Scooter,2025-06-04,19:11,6.9,1.19,1.51,Sur,39.0,tarjeta
VJ000269,bicicleta,2025-08-10,11:55,7.5,1.65,1.23,Centro,,Billetera digital
VJ000674,Patineta,2025-06-27,19:17,12.4,1.74,1.99,centro,33.0,TARJETA
VJ002206,Bicicleta,2025-08-18,19:11,11.3,2.94,1.64,,29.0,billetera digital
VJ002352,Bici,2025-06-25,11:39,15.2,2.21,2.11,Samborondon,25.0,TARJETA
VJ001761,patineta,2025-08-06,23:49,23.7,3.41,3.27,SAMBORONDON,31.0,Billetera Digital
VJ002826,Bici,2025-06-26,11:35,14.1,2.67,2.88,Sur,30.0,Tarjeta
VJ002172, Bicicleta,2025-07-18,15:01,1.0,0.2,0.72,norte,34.0,tarjeta
VJ001333, Patineta,2025-06-05,06:37,16.8,4.3,2.58,samborondon,28.0,
VJ002209,Scooter,2025-06-12,05:54,14.4,3.56,2.29,SAMBORONDON,25.0,TARJETA
VJ001994,Bicicleta,2025-07-26,10:53,19.0,3.08,2.6,norte,43.0,tarjeta
VJ002812,BICICLETA,2025-08-27,19:04,13.9,2.58,2.47,NORTE,,Tarjeta
VJ001474,Scooter,2025-08-31,09:39,6.9,1.43,1.46,samborondon,41.0,Tarjeta
VJ000572,patineta,2025-07-07,03:52,5.6,1.48,0.92,Norte,40.0,tarjeta
VJ001308, Bicicleta,2025-07-02,23:01,5.9,0.88,0.97,Centro ,22.0,Tarjeta
VJ001632,patineta,2025-06-22,12:06,13.8,2.78,1.92,Centro,16.0,
VJ000870,Scooter,2025-08-04,14:25,18.9,3.19,139.9,sur,40.0,tarjeta
VJ000726,bicicleta,2025-07-05,18:38,21.9,3.31,3.24,Centro,25.0,EFECTIVO
VJ000802, Bicicleta,2025-08-28,08:04,5.9,1.23,1.65,norte,36.0,TARJETA
VJ002090,BICICLETA,2025-07-23,20:44,11.7,3.04,2.06,Samborondon,30.0,Tarjeta
VJ000289, Bicicleta,2025-06-28,17:31,17.7,3.67,2.56,NORTE,,tarjeta
VJ002991,PATINETA,2025-08-15,18:53,18.5,4.27,2.82,Samborondon,26.0,TARJETA
VJ001630,BICICLETA,2025-07-08,17:21,14.3,2.8,2.05,centro,16.0,efectivo
VJ001501,PATINETA,2025-07-03,18:14,14.2,3.59,2.17,NORTE,34.0,BILLETERA DIGITAL
VJ001016, Bicicleta,2025-08-25,21:14,10.2,2.52,1.44,Centro,,tarjeta
VJ002897,Scooter,2025-06-15,19:12,6.8,1.04,1.4,SUR,28.0,efectivo
VJ001316,PATINETA,2025-06-20,08:16,24.8,3.92,3.47,CENTRO,44.0,TARJETA
VJ001772,Bici,2025-07-24,18:07,17.3,3.3,2.61,samborondon,29.0,Efectivo
VJ002590,Bicicleta,2025-08-25,07:01,7.0,1.81,1.26,centro,26.0,tarjeta
VJ000589,PATINETA,2025-07-03,09:47,16.3,2.46,2.27,Samborondon,22.0,Tarjeta
VJ001757,PATINETA,2025-07-05,17:27,20.0,2.87,2.68,Centro,21.0,Tarjeta
VJ001317,bicicleta,2025-06-22,06:17,6.4,1.07,1.67,SAMBORONDON,26.0,billetera digital
VJ000771,patineta,2025-08-17,13:24,12.5,3.08,,Centro,20.0,Billetera Digital
VJ001431,Bicicleta,2025-07-29,16:54,10.0,2.47,2.43,Samborondon,43.0,Tarjeta
VJ002174, Patineta,2025-07-19,12:25,16.2,3.12,2.63,centro,28.0,tarjeta
VJ001759,Bici,2025-07-10,21:19,4.9,0.92,1.24,Centro,,TARJETA
VJ002962,Bici,2025-06-04,09:22,15.3,3.02,2.6,norte,21.0,EFECTIVO
VJ000636,BICICLETA,2025-08-09,17:06,20.4,3.19,2.87,centro,27.0,tarjeta
VJ001229,Bicicleta,2025-06-07,19:30,14.3,3.6,2.23,Samborondon,27.0,efectivo
VJ001728,BICICLETA,2025-06-05,12:27,6.6,0.94,1.13,SUR,27.0,TARJETA
VJ001700,Scooter,2025-07-24,21:50,12.0,3.1,1.82, Norte,38.0,efectivo
VJ000141, Bicicleta,2025-06-14,10:48,8.0,1.35,1.42,Centro,36.0,Efectivo
VJ001796,Patineta,2025-06-26,06:05,3.1,0.78,0.31,Sur,40.0,tarjeta
VJ000036, Bicicleta,2025-07-21,13:53,19.3,4.23,3.05,centro,16.0,tarjeta
VJ002206,Bicicleta,2025-08-18,19:11,11.3,2.94,1.64,,29.0,billetera digital
VJ002503,BICICLETA,2025-08-29,19:17,15.5,2.62,2.49,Samborondón,17.0,EFECTIVO
VJ001530,PATINETA,2025-07-23,17:16,16.9,3.69,2.79,SUR,35.0,TARJETA
VJ002894,bicicleta,2025-07-14,21:37,2.6,0.65,1.03,SAMBORONDON,20.0,Billetera Digital
VJ000199,PATINETA,2025-08-26,18:28,10.0,2.44,1.93,sur,30.0,TARJETA
VJ002720,PATINETA,2025-07-22,18:54,16.9,3.82,2.29,NORTE,38.0,billetera digital
VJ001022,patineta,2025-07-10,12:37,12.1,2.25,2.45,samborondon,33.0,Tarjeta
VJ000410, Bicicleta,2025-07-13,09:00,1.0,0.1,1.2,Samborondón,29.0,TARJETA
VJ000013, Patineta,2025-08-04,20:15,6.4,1.33,1.11,NORTE,31.0,EFECTIVO
VJ002998,BICICLETA,2025-07-23,17:34,2.7,0.49,0.47,sur,43.0,EFECTIVO
VJ001244,Scooter,2025-08-08,18:25,13.4,2.15,2.08,Norte,22.0,Efectivo
VJ001699,Bici,2025-07-09,07:01,12.2,2.92,1.88,SAMBORONDON,23.0,tarjeta
VJ001105,Scooter,2025-07-13,12:14,9.8,2.05,1.69,Sur,32.0,Tarjeta
VJ002990,Bici,2025-08-16,16:22,1.6,0.22,0.68,Samborondon,38.0,billetera digital
VJ002212,patineta,2025-06-25,20:30,10.4,2.6,1.73, Norte,35.0,efectivo
VJ000465,patineta,2025-08-13,19:06,24.0,4.83,3.44,Centro ,30.0,TARJETA
VJ002323, Patineta,2025-08-30,22:11,14.5,2.47,2.2,Samborondon,19.0,TARJETA
VJ000492,BICICLETA,2025-07-03,13:09,30.2,4.57,3.79,norte,36.0,Tarjeta
VJ000280,BICICLETA,2025-07-01,18:03,12.9,2.76,1.81,samborondon,47.0,BILLETERA DIGITAL
VJ001537,bicicleta,2025-08-13,18:32,6.9,1.75,207.73,CENTRO,22.0,Efectivo
VJ001377, Patineta,2025-07-12,14:33,18.4,3.61,2.98,Samborondon,30.0,BILLETERA DIGITAL
VJ000680,BICICLETA,2025-07-26,10:00,0.0,2.0,1.89,centro,22.0,Billetera Digital
VJ002700,BICICLETA,2025-06-07,19:41,24.3,4.47,3.52,Norte,16.0,efectivo
VJ000021,bicicleta,2025-08-01,20:00,15.2,2.33,1.8,CENTRO,45.0,Efectivo
VJ002261,PATINETA,2025-06-30,19:00,21.8,3.03,2.58,Centro,42.0,efectivo
VJ000705, Bicicleta,2025-06-26,15:20,6.7,1.69,1.41,centro,27.0,TARJETA
VJ001218,Scooter,2025-07-10,12:48,13.9,2.88,2.36,sur,21.0,tarjeta
VJ000118,Scooter,2025-06-03,19:54,9.3,2.04,,SAMBORONDON,28.0,EFECTIVO
VJ000580,Scooter,2025-07-04,07:11,12.5,2.54,2.29,CENTRO,35.0,Billetera digital
VJ001619,Bici,2025-06-04,20:35,7.9,1.71,1.67,norte,30.0,TARJETA
VJ002039,Scooter,2025-08-28,12:24,15.8,3.07,2.16,norte,28.0,Tarjeta
VJ002254,Bici,2025-07-30,20:51,10.3,2.29,1.32, Norte,40.0,EFECTIVO
VJ001786,Bici,2025-06-08,09:48,25.7,4.96,3.73,,28.0,EFECTIVO
VJ001239,BICICLETA,2025-08-09,18:46,28.7,4.18,4.27,Centro,16.0,Efectivo
VJ001642,Patineta,2025-06-21,13:09,13.7,2.41,2.45,Sur,18.0,Billetera digital
VJ002793, Patineta,2025-07-11,18:05,15.8,2.73,2.25,samborondon,23.0,Tarjeta
VJ000231, Patineta,2025-07-16,08:37,294.3,4.45,2.55,Sur,32.0,TARJETA
VJ002783,BICICLETA,2025-07-08,07:21,4.0,0.54,1.08,CENTRO,,Efectivo
VJ001306,Patineta,2025-07-06,01:27,13.8,2.32,1.99,Samborondon,29.0,EFECTIVO
VJ001323,Scooter,2025-08-23,14:45,11.7,2.06,1.68,Centro ,36.0,billetera digital
VJ000372, Bicicleta,2025-06-26,07:03,16.6,3.6,2.88, Norte,36.0,tarjeta
VJ001831, Bicicleta,2025-08-08,09:01,15.8,3.23,1.89,Centro ,40.0,TARJETA
VJ001466,Scooter,2025-07-04,07:45,16.5,2.56,2.28,Centro ,20.0,efectivo
VJ002717,Patineta,2025-07-14,07:59,1.0,0.1,0.3,Centro,30.0,tarjeta
VJ002071,bicicleta,2025-06-02,07:06,20.4,3.19,2.92,sur,33.0,EFECTIVO
VJ000493, Bicicleta,2025-07-09,22:30,21.5,4.1,3.47,CENTRO,32.0,efectivo
VJ000721,Scooter,2025-06-21,12:00,3.8,0.96,0.98,sur,29.0,TARJETA
VJ002934,Bici,2025-08-20,21:27,11.4,2.37,2.08, Norte,28.0,efectivo
VJ001115,Patineta,2025-06-16,21:47,8.6,1.53,1.75, Norte,39.0,billetera digital
VJ000604,PATINETA,2025-08-30,14:22,22.4,4.22,,NORTE,39.0,tarjeta
VJ000037,PATINETA,2025-06-15,15:33,7.3,1.83,1.57, Norte,16.0,Tarjeta
VJ002281,Scooter,2025-08-25,20:09,9.3,2.44,1.64,NORTE,17.0,Billetera digital
VJ001860,Bici,2025-07-18,13:41,6.9,1.5,,Sur,34.0,Efectivo
VJ001051,Scooter,2025-08-28,06:10,4.6,0.97,1.14,NORTE,46.0,Tarjeta
VJ001368,PATINETA,2025-07-24,14:54,6.1,1.58,2.06,Centro,35.0,BILLETERA DIGITAL
VJ002840,BICICLETA,2025-07-11,12:09,3.7,0.9,1.09,Centro ,33.0,efectivo
VJ001854,Scooter,2025-08-26,19:50,7.8,1.99,1.74,Sur,30.0,Tarjeta
VJ000101,PATINETA,2025-07-13,13:24,7.5,1.15,193.77,SAMBORONDON,32.0,tarjeta
VJ000085,PATINETA,2025-08-09,08:16,-1.2,2.9,124.07,Samborondon,16.0,Efectivo
VJ001438,Scooter,2025-08-12,20:48,2.0,0.37,1.24,centro,45.0,BILLETERA DIGITAL
VJ001413, Bicicleta,2025-07-15,12:25,1.3,0.25,0.3,Norte,19.0,Billetera digital
VJ000490,PATINETA,2025-07-18,14:46,19.6,3.62,2.81,Centro ,32.0,Billetera digital
VJ002918,Scooter,2025-08-31,15:55,2.0,0.45,0.66,Centro,35.0,Billetera Digital
VJ002726,Bicicleta,2025-06-29,13:13,9.7,1.3,,Norte,41.0,tarjeta
VJ002027,Bicicleta,2025-06-13,07:10,17.6,3.39,2.18,Centro ,29.0,Billetera Digital
VJ002369,PATINETA,2025-07-27,08:40,11.5,2.16,1.59,Centro,,TARJETA
VJ001958,bicicleta,2025-06-17,14:14,23.2,3.58,3.19,centro,,TARJETA
VJ002808,Patineta,2025-06-05,14:45,8.6,1.42,1.85,Samborondon,35.0,TARJETA
VJ000799,Scooter,2025-06-01,18:01,19.4,3.4,2.79,Centro,29.0,TARJETA
VJ000736,Bici,2025-06-03,22:06,10.2,1.71,,Samborondon,25.0,Tarjeta
VJ001355,BICICLETA,2025-08-20,00:26,14.8,2.18,2.45, Norte,34.0,Tarjeta
VJ002099,Patineta,2025-08-03,12:04,1.0,0.1,0.3,NORTE,30.0,Tarjeta
VJ002439,Scooter,2025-06-05,19:31,20.2,4.57,3.09,Centro ,16.0,efectivo
VJ001873,Scooter,2025-08-01,06:17,15.7,3.67,104.35,Samborondón,39.0,Billetera digital
VJ000998, Patineta,2025-06-16,17:39,19.8,4.68,2.94, Norte,18.0,EFECTIVO
VJ001181,Scooter,2025-08-08,23:56,14.1,3.17,2.46,Samborondon,29.0,Tarjeta
VJ001272,PATINETA,2025-07-31,12:59,15.8,2.66,2.74,Samborondón,29.0,Billetera Digital
VJ002561,Bici,2025-07-04,19:41,18.0,3.32,3.09,CENTRO,,Tarjeta
VJ001669,Bicicleta,2025-08-21,07:16,17.3,3.39,2.76,Centro ,32.0,EFECTIVO
VJ001007,Bici,2025-06-29,08:32,19.4,4.22,3.24,Centro ,35.0,tarjeta
VJ002791, Patineta,2025-07-09,12:10,15.4,-0.5,2.63,centro,26.0,TARJETA
VJ000453,Scooter,2025-07-09,20:06,28.0,4.44,3.35,Centro ,32.0,tarjeta
VJ002314,Patineta,2025-07-01,19:22,6.8,1.3,1.06,Centro,21.0,BILLETERA DIGITAL
VJ002500,Patineta,2025-07-31,07:51,15.3,3.78,2.09,,33.0,EFECTIVO
VJ001309, Patineta,2025-08-30,22:02,12.3,3.14,1.79,norte,,Tarjeta
VJ002194,BICICLETA,2025-08-23,09:29,6.3,1.52,1.2,,95.0,billetera digital
VJ002409,PATINETA,2025-07-29,08:24,445.0,2.19,2.42,centro,27.0,Tarjeta
VJ000117, Patineta,2025-08-17,20:29,3.3,0.8,0.95,Sur,32.0,Billetera Digital
VJ002399, Bicicleta,2025-07-12,12:56,9.5,1.84,1.31,norte,50.0,TARJETA
VJ000062,bicicleta,2025-08-31,16:45,19.6,3.62,,CENTRO,22.0,Tarjeta
VJ002736,Patineta,2025-08-26,18:00,17.8,2.5,2.57,SAMBORONDON,19.0,billetera digital
VJ000962, Bicicleta,2025-08-16,21:44,8.7,2.29,1.74,Centro ,,tarjeta
VJ002336, Patineta,2025-07-05,18:46,-5.0,4.32,3.99,SAMBORONDON,40.0,tarjeta
VJ002233,Patineta,2025-08-30,14:42,7.5,1.69,1.52,samborondon,41.0,Tarjeta
VJ000827,patineta,2025-06-26,19:40,12.1,2.65,,Centro ,35.0,Tarjeta
VJ000420, Patineta,2025-07-16,17:59,7.0,1.73,1.07,Centro ,31.0,Billetera digital
VJ001175,BICICLETA,2025-08-18,17:25,1.1,0.21,0.69,norte,39.0,Efectivo
VJ001158,Bici,2025-08-11,21:33,10.8,2.52,2.26,Centro ,26.0,Efectivo
VJ002376,Patineta,2025-06-13,10:14,29.0,4.79,4.07,Centro ,16.0,Efectivo
VJ000156,Scooter,2025-06-13,08:33,19.6,3.44,3.51,samborondon,52.0,tarjeta
VJ002214,Bici,2025-08-03,11:23,1.7,0.37,0.41,CENTRO,39.0,Tarjeta
VJ001131,PATINETA,2025-06-28,17:36,7.7,1.42,234.26,centro,24.0,Tarjeta
VJ000162,patineta,2025-06-15,19:11,9.4,2.1,2.17,Centro ,31.0,Tarjeta
VJ001653,Scooter,2025-08-22,11:03,6.2,1.63,1.3,Norte,16.0,Billetera Digital
VJ001156,Bici,2025-06-29,20:23,5.3,1.3,1.28,Sur,40.0,
VJ001566, Patineta,2025-06-25,18:07,28.9,4.85,,Norte,16.0,tarjeta
VJ002847, Patineta,2025-06-26,00:15,8.2,1.83,1.76,samborondon,37.0,Billetera Digital
VJ002395,BICICLETA,2025-06-27,05:09,17.5,3.29,2.65,Centro,,tarjeta
VJ001106,Scooter,2025-07-20,06:59,19.9,2.87,3.34,sur,26.0,Tarjeta
VJ001081,Bici,2025-07-08,07:32,17.4,4.46,1.96,centro,,tarjeta
VJ002422,Scooter,2025-08-04,12:52,386.2,2.13,1.4,norte,36.0,Tarjeta
VJ000952,Patineta,2025-07-29,06:07,16.4,4.04,2.61,sur,31.0,billetera digital
VJ000822,Bicicleta,2025-07-28,17:43,18.0,3.55,2.62,NORTE,16.0,
VJ001552,BICICLETA,2025-07-07,12:42,16.5,3.49,2.2,Samborondón,38.0,efectivo
VJ002087, Patineta,2025-08-20,02:54,11.4,2.92,1.91,Centro ,24.0,efectivo
VJ002862,patineta,2025-06-29,20:03,24.7,3.4,3.54,sur,25.0,TARJETA
VJ000987,Patineta,2025-06-28,07:53,15.2,3.67,2.51,samborondon,,billetera digital
VJ002530, Bicicleta,2025-07-19,07:35,9.4,0.0,1.42,norte,32.0,Billetera digital
VJ001074,BICICLETA,2025-06-02,12:55,4.7,0.99,0.41,centro,,
VJ000816,Bici,2025-08-26,12:29,-5.0,3.01,,Centro,28.0,Efectivo
VJ000944,BICICLETA,2025-06-02,18:07,16.9,3.68,2.82,SUR,30.0,Tarjeta
VJ001161,Patineta,2025-08-26,20:19,8.6,1.77,,Centro,35.0,Efectivo
VJ002145, Bicicleta,2025-08-15,17:07,372.6,3.14,1.96,SUR,27.0,Tarjeta
VJ002908,Bici,2025-06-23,00:47,1.0,0.1,0.74, Norte,34.0,Billetera digital
VJ000654,patineta,2025-08-11,19:47,15.5,3.96,,norte,110.0,TARJETA
VJ001809,patineta,2025-07-03,19:36,467.6,3.23,2.25,norte,21.0,TARJETA
VJ001507,Bici,2025-07-31,09:56,12.4,2.58,1.46,norte,39.0,tarjeta
VJ000699,Scooter,2025-07-23,19:27,5.7,1.28,1.51, Norte,31.0,TARJETA
VJ002553,Bicicleta,2025-07-04,08:12,28.2,4.35,4.4,SUR,33.0,Tarjeta
VJ002521,bicicleta,2025-07-16,12:07,22.1,4.33,3.09,norte,28.0,TARJETA
VJ002601,Scooter,2025-08-16,14:26,23.4,4.82,3.53,,16.0,Tarjeta
VJ002037, Patineta,2025-07-09,06:37,9.8,2.32,1.49,norte,22.0,billetera digital
VJ002150,PATINETA,2025-06-22,21:23,14.9,2.68,2.22,,42.0,BILLETERA DIGITAL
VJ001826,BICICLETA,2025-08-14,20:09,19.9,4.63,3.08,Samborondón,28.0,billetera digital
VJ001704,BICICLETA,2025-06-23,06:09,14.7,2.47,, Norte,16.0,tarjeta
VJ001692,bicicleta,2025-06-15,17:54,17.3,2.36,238.16,norte,22.0,Tarjeta
VJ002486,BICICLETA,2025-07-14,20:24,12.9,2.56,1.78,Norte,40.0,efectivo
VJ002886,Patineta,2025-08-23,17:49,3.7,0.92,0.75,CENTRO,39.0,Efectivo
VJ000379, Patineta,2025-07-02,08:36,5.2,1.13,1.05,CENTRO,16.0,Billetera digital
VJ000874, Bicicleta,2025-08-27,07:17,6.1,0.83,1.51,Samborondon,16.0,Billetera Digital
VJ000671,BICICLETA,2025-07-26,12:07,9.4,2.04,1.59,NORTE,37.0,Tarjeta
VJ002952,bicicleta,2025-07-25,19:25,8.0,1.15,170.03,CENTRO,27.0,Efectivo
VJ002245,PATINETA,2025-08-21,09:18,-1.2,1.4,1.76,Sur,28.0,Billetera digital
VJ000725, Patineta,2025-07-12,11:22,13.0,2.81,2.57,centro,34.0,TARJETA
VJ002623,Patineta,2025-07-01,10:53,20.8,4.68,2.88,sur,39.0,TARJETA
VJ000844,bicicleta,2025-08-06,08:29,6.2,1.15,1.38,Centro ,,Tarjeta
VJ000904,Bicicleta,2025-08-11,21:53,26.9,4.48,3.81,CENTRO,29.0,Tarjeta
VJ000041,Scooter,2025-06-28,07:52,17.3,3.1,2.85,sur,,tarjeta
VJ000266,Patineta,2025-08-03,04:15,9.2,1.77,1.7, Norte,42.0,efectivo
VJ002828,patineta,2025-08-13,05:03,21.0,4.12,3.02,Samborondón,29.0,Billetera Digital
VJ001147,BICICLETA,2025-06-24,17:03,9.6,1.72,0.98,Centro,38.0,Efectivo
VJ002945,Bicicleta,2025-08-12,19:04,7.3,1.45,,Centro,25.0,Billetera digital
VJ001656,PATINETA,2025-06-30,05:27,6.5,1.5,1.84,,33.0,Billetera digital
VJ000319,Scooter,2025-06-07,19:07,9.2,2.04,1.26,norte,38.0,EFECTIVO
VJ001697,Bici,2025-06-25,20:28,25.2,3.59,3.33,Centro,46.0,TARJETA
VJ002949,Bicicleta,2025-06-06,17:33,2.9,0.72,0.92,CENTRO,16.0,efectivo
VJ002006,patineta,2025-08-25,07:48,19.7,4.77,3.08,CENTRO,39.0,TARJETA
VJ000931,PATINETA,2025-06-11,20:59,1.0,0.1,0.65, Norte,24.0,Tarjeta
VJ001846, Bicicleta,2025-06-26,17:29,5.2,1.23,1.0,centro,26.0,tarjeta
VJ001678,Bicicleta,2025-07-10,22:51,7.0,1.55,1.05,Samborondon,36.0,Tarjeta
VJ000262,Patineta,2025-06-29,10:12,5.4,1.19,0.85,sur,19.0,TARJETA
VJ001832,Scooter,2025-07-22,16:41,7.6,1.84,1.65,Samborondon,31.0,efectivo
VJ000770,Bicicleta,2025-07-23,12:14,1.0,0.1,0.54,Samborondón,34.0,Billetera Digital
VJ000329,PATINETA,2025-07-07,21:56,6.6,1.74,1.33, Norte,5.0,Tarjeta
VJ001776,patineta,2025-07-10,09:53,7.8,1.98,1.38,CENTRO,95.0,Billetera Digital
VJ000471,Bicicleta,2025-07-13,12:10,24.4,4.44,3.42, Norte,28.0,Tarjeta
VJ002474, Bicicleta,2025-08-19,09:17,12.3,1.72,1.95,samborondon,33.0,Billetera Digital
VJ002832,Scooter,2025-08-27,07:04,12.0,3.05,2.05,SAMBORONDON,30.0,TARJETA
VJ001194,Patineta,2025-06-06,20:11,4.3,0.79,0.4,Centro,,tarjeta
VJ000123,Bici,2025-08-29,00:21,32.1,5.22,4.48,Samborondon,36.0,Tarjeta
VJ001977,patineta,2025-08-16,10:55,10.3,2.23,185.43,CENTRO,29.0,BILLETERA DIGITAL
VJ000811,patineta,2025-06-08,07:53,8.5,1.76,1.78,Norte,21.0,tarjeta
VJ002647, Bicicleta,2025-06-17,06:24,8.1,1.47,1.03,Centro,44.0,billetera digital
VJ001047,Bicicleta,2025-07-08,13:01,23.6,3.73,3.38,Norte,27.0,Tarjeta
VJ001721, Bicicleta,2025-07-31,07:55,31.3,4.17,4.26, Norte,39.0,Tarjeta
VJ002068,bicicleta,2025-07-14,18:32,13.3,2.37,2.75,,31.0,BILLETERA DIGITAL
VJ002674,bicicleta,2025-06-20,08:08,-1.2,2.57,1.97,centro,35.0,Efectivo
VJ000404,Scooter,2025-08-23,19:08,11.4,1.89,1.96,centro,21.0,Efectivo
VJ002048,Bici,2025-08-23,13:38,10.5,2.5,1.38,Centro ,28.0,tarjeta
VJ000387,BICICLETA,2025-06-03,12:35,17.4,3.8,2.72,norte,5.0,Tarjeta
VJ001886, Bicicleta,2025-06-21,06:41,14.6,3.11,2.42, Norte,24.0,tarjeta
VJ000282,Bicicleta,2025-07-18,18:47,263.6,2.46,2.24,CENTRO,38.0,Efectivo
VJ000739,patineta,2025-06-02,19:57,9.5,2.39,1.53,Centro ,24.0,Efectivo
VJ002656,Patineta,2025-06-15,00:43,23.7,5.17,2.99, Norte,22.0,billetera digital
VJ000891,BICICLETA,2025-06-29,21:29,10.2,1.86,1.95,Centro ,37.0,Efectivo
VJ002654,patineta,2025-08-16,21:04,14.8,2.37,2.43,samborondon,25.0,tarjeta
VJ002736,Patineta,2025-08-26,18:00,17.8,2.5,2.57,SAMBORONDON,19.0,billetera digital
VJ001315, Bicicleta,2025-06-28,02:31,27.0,0.0,4.05,Sur,19.0,Tarjeta
VJ002253,PATINETA,2025-08-13,10:53,16.4,2.27,2.1,SAMBORONDON,22.0,BILLETERA DIGITAL
VJ000502,BICICLETA,2025-07-02,07:16,21.5,3.91,2.96,sur,30.0,Efectivo
VJ002243, Bicicleta,2025-06-14,11:53,4.3,-0.5,1.02,CENTRO,27.0,TARJETA
VJ000071,patineta,2025-06-24,18:46,5.8,0.96,1.05, Norte,42.0,TARJETA
VJ002565,Bicicleta,2025-06-02,09:54,1.1,0.16,0.76,NORTE,,tarjeta
VJ002974,PATINETA,2025-07-17,14:08,295.8,1.27,0.71,Centro ,24.0,tarjeta
VJ000417,Patineta,2025-07-05,11:15,19.0,4.23,2.75, Norte,,TARJETA
VJ001409,Patineta,2025-08-05,15:12,29.7,4.25,3.62,CENTRO,,Billetera Digital
VJ000276,Bici,2025-08-08,14:49,1.0,0.1,1.18,Centro,39.0,TARJETA
VJ002465,Bici,2025-06-07,09:57,4.8,0.83,1.06,CENTRO,41.0,Tarjeta
VJ002324,Scooter,2025-07-27,14:29,10.2,2.59,1.69,centro,41.0,TARJETA
VJ001628,PATINETA,2025-06-25,07:28,20.5,3.05,2.67,Centro,19.0,Efectivo
VJ002830,Bicicleta,2025-06-16,20:00,8.7,2.09,1.7,norte,32.0,TARJETA
VJ002490,BICICLETA,2025-06-05,19:08,15.4,3.24,2.23,Norte,38.0,TARJETA
VJ000249,Bici,2025-07-10,20:05,14.6,3.33,1.67,centro,43.0,TARJETA
VJ000075, Bicicleta,2025-07-28,12:55,19.1,2.7,3.09,CENTRO,36.0,Tarjeta
VJ001477,bicicleta,2025-06-24,19:55,7.6,1.88,1.57,norte,25.0,billetera digital
VJ001005,BICICLETA,2025-08-11,06:15,1.0,0.1,0.74,Norte,17.0,Billetera Digital
VJ002136,PATINETA,2025-07-10,19:29,8.4,1.63,1.66,NORTE,,Efectivo
VJ001450, Patineta,2025-08-23,07:01,23.5,3.16,3.37,norte,28.0,TARJETA
VJ002030,Bici,2025-07-18,11:49,14.7,3.38,2.15,SAMBORONDON,45.0,Billetera digital
VJ001627, Bicicleta,2025-08-03,21:26,10.0,2.51,156.14,CENTRO,18.0,Efectivo
VJ002532, Patineta,2025-08-05,09:49,21.3,3.19,,centro,38.0,
VJ002992,PATINETA,2025-08-03,07:13,16.4,4.35,2.58,Samborondón,38.0,Tarjeta
VJ001550,Bicicleta,2025-08-14,18:04,17.2,2.84,2.3,Centro,42.0,efectivo
VJ002721,PATINETA,2025-07-11,14:34,9.0,1.75,0.7,SUR,,Tarjeta
VJ000503,Patineta,2025-08-26,13:56,10.6,1.98,1.7,centro,47.0,BILLETERA DIGITAL
VJ001160, Patineta,2025-08-31,12:29,13.2,3.2,2.35,SAMBORONDON,27.0,Tarjeta
VJ000300, Patineta,2025-07-31,20:17,23.7,3.97,3.96,SUR,24.0,Efectivo
VJ000867, Bicicleta,2025-08-09,09:39,14.7,2.53,1.69,CENTRO,19.0,Efectivo
VJ000019,Bicicleta,2025-08-29,16:10,20.3,3.64,2.62,Centro ,29.0,Billetera digital
VJ000277, Patineta,2025-06-09,19:36,18.7,3.07,2.68,Centro,16.0,Billetera Digital
VJ001891,PATINETA,2025-08-04,21:24,21.0,5.38,3.65,SUR,28.0,EFECTIVO
VJ001445,Patineta,2025-08-01,12:59,2.6,0.49,0.3,centro,23.0,Tarjeta
VJ000507,BICICLETA,2025-08-29,07:33,17.4,3.58,2.26,Centro,25.0,Tarjeta
VJ000411, Bicicleta,2025-07-09,06:23,5.1,1.2,0.9,Centro ,24.0,BILLETERA DIGITAL
VJ001307,bicicleta,2025-07-22,18:10,13.1,3.48,2.19,NORTE,24.0,tarjeta
VJ002479,Bici,2025-06-14,19:11,14.7,3.26,1.8,Centro,42.0,tarjeta
VJ000433,Patineta,2025-07-18,10:24,14.4,2.85,1.95, Norte,34.0,billetera digital
VJ000897,PATINETA,2025-08-22,13:09,16.3,2.39,2.22,Samborondón,31.0,billetera digital
VJ001686,Scooter,2025-06-01,17:04,8.6,1.7,2.37,CENTRO,27.0,Tarjeta
VJ000388,bicicleta,2025-06-06,16:55,8.0,2.11,1.37,centro,27.0,billetera digital
VJ000981,Bicicleta,2025-08-05,08:14,13.1,-2.0,1.69,CENTRO,30.0,tarjeta
VJ000007,Scooter,2025-08-13,18:37,11.4,1.95,1.56,centro,34.0,efectivo
VJ002095, Bicicleta,2025-08-06,00:33,20.5,3.08,3.14,sur,38.0,tarjeta
VJ001346,bicicleta,2025-08-28,05:51,11.2,2.1,1.62,SUR,33.0,Tarjeta
VJ001788,BICICLETA,2025-08-06,16:26,11.3,2.86,1.81,norte,26.0,Billetera Digital
VJ001493,Patineta,2025-07-19,07:48,11.9,2.73,,samborondon,32.0,tarjeta
VJ000954,PATINETA,2025-08-25,21:44,18.4,3.0,2.8,SAMBORONDON,25.0,tarjeta
VJ001925,BICICLETA,2025-07-09,05:40,10.7,2.59,1.97,centro,23.0,tarjeta
VJ002262, Patineta,2025-06-07,22:34,4.6,0.88,1.34,Samborondon,32.0,Tarjeta
VJ002045,patineta,2025-08-27,16:49,10.4,2.4,80.52,CENTRO,,tarjeta
VJ001367,Bicicleta,2025-07-31,14:40,26.1,5.15,3.74,Centro ,,Tarjeta
VJ002865, Bicicleta,2025-08-26,06:26,10.5,2.28,1.64, Norte,33.0,TARJETA
VJ002742,Bicicleta,2025-07-31,18:40,14.4,1.97,2.9,NORTE,33.0,tarjeta
VJ000328, Bicicleta,2025-08-12,18:55,21.0,3.01,3.48,Centro,29.0,Billetera Digital
VJ001118,Bici,2025-06-08,10:41,10.1,1.79,1.73,Centro ,43.0,TARJETA
VJ002581,bicicleta,2025-07-12,19:11,29.8,6.99,3.72,Centro ,32.0,Efectivo
VJ002829, Patineta,2025-06-23,18:35,9.9,1.69,2.24,centro,29.0,Efectivo
VJ002120,Bicicleta,2025-08-08,08:31,9.1,2.36,1.79,Centro ,34.0,Billetera digital
VJ001045,PATINETA,2025-07-06,11:36,9.5,1.63,1.57,NORTE,38.0,TARJETA
VJ002583,Scooter,2025-06-18,08:39,12.6,2.64,1.75,CENTRO,18.0,TARJETA
VJ002986, Patineta,2025-07-19,16:26,31.5,4.38,4.4,Centro ,35.0,Billetera Digital
VJ001859, Bicicleta,2025-06-16,15:56,7.4,1.58,1.22,SAMBORONDON,23.0,Billetera Digital
VJ002777,Patineta,2025-07-27,07:22,15.6,3.16,2.56,Centro ,33.0,tarjeta
VJ002494,Scooter,2025-06-26,18:55,0.0,3.27,247.38,Samborondon,31.0,TARJETA
VJ002800,BICICLETA,2025-08-15,17:24,26.0,3.52,3.39,samborondon,35.0,EFECTIVO
VJ001861,BICICLETA,2025-07-25,13:13,14.0,2.81,2.23,SUR,30.0,Tarjeta
VJ001379,Patineta,2025-07-30,13:56,12.3,1.96,, Norte,33.0,tarjeta
VJ002228,Bici,2025-08-04,15:16,17.9,3.69,2.49,samborondon,36.0,EFECTIVO
VJ001398,Scooter,2025-07-22,18:20,10.3,2.43,1.78,Centro ,30.0,EFECTIVO
VJ002681,Bici,2025-06-08,18:51,12.8,3.26,1.88,Centro ,34.0,Billetera Digital
VJ001633,patineta,2025-08-15,08:08,16.5,3.24,1.96,Samborondón,26.0,TARJETA
VJ000722,BICICLETA,2025-06-11,16:53,7.3,1.24,1.4,CENTRO,38.0,tarjeta
VJ001369, Patineta,2025-07-18,08:39,23.3,3.44,3.24,Samborondon,45.0,Efectivo
VJ000127,BICICLETA,2025-08-02,08:21,9.1,1.29,1.65,SUR,33.0,Tarjeta
VJ002633, Bicicleta,2025-07-30,07:18,2.5,0.64,0.84,CENTRO,30.0,Billetera Digital
VJ001737,Bicicleta,2025-08-30,07:13,19.4,4.17,3.31,samborondon,19.0,Billetera digital
VJ000678,bicicleta,2025-07-29,08:49,12.8,2.69,1.97,CENTRO,19.0,
VJ000215, Bicicleta,2025-07-29,16:11,210.5,3.6,2.71,Samborondon,39.0,tarjeta
VJ002067,Patineta,2025-06-05,22:20,21.7,2.91,2.89,Samborondón,22.0,Tarjeta
VJ001856,BICICLETA,2025-07-04,09:50,7.9,1.3,1.73,Norte,38.0,Billetera digital
VJ001822, Bicicleta,2025-07-17,18:59,24.3,3.32,3.45,Centro ,38.0,EFECTIVO
VJ002670, Patineta,2025-08-07,21:11,26.6,4.12,4.17,Sur,33.0,tarjeta
VJ002652,Scooter,2025-06-24,12:19,9.4,1.34,1.72,,25.0,Tarjeta
VJ002226,PATINETA,2025-08-02,15:20,4.4,1.07,0.95,Centro,20.0,EFECTIVO
VJ002391,BICICLETA,2025-07-05,12:58,17.9,4.11,2.82,Centro ,33.0,TARJETA
VJ000746,Bici,2025-07-12,06:41,10.9,2.22,2.0, Norte,38.0,tarjeta
VJ000792,Patineta,2025-07-09,04:14,7.0,1.61,0.8,,30.0,
VJ001716,patineta,2025-08-11,14:45,32.2,4.85,3.97,norte,25.0,Tarjeta
VJ001205,Bici,2025-08-19,17:34,21.1,5.13,3.09,Centro,44.0,BILLETERA DIGITAL
VJ000973,Bici,2025-06-21,13:01,16.4,3.26,2.61,SAMBORONDON,19.0,tarjeta
VJ001255,Patineta,2025-06-16,00:32,7.6,1.56,1.21,Centro,41.0,Billetera digital
VJ000217,Bici,2025-06-25,07:33,12.1,2.24,1.92,norte,29.0,BILLETERA DIGITAL
VJ000843,patineta,2025-06-22,07:01,10.9,1.97,1.89,CENTRO,30.0,Billetera Digital
VJ000353,Patineta,2025-07-19,18:33,18.0,3.34,2.39,NORTE,,tarjeta
VJ000064,BICICLETA,2025-06-12,18:59,6.8,1.71,1.82,Centro ,22.0,Tarjeta
VJ002162,Bicicleta,2025-08-19,08:18,14.3,3.03,2.03,Samborondon,36.0,
VJ001090,patineta,2025-06-28,13:27,-1.2,1.94,1.49,Samborondón,40.0,billetera digital
VJ000681, Bicicleta,2025-06-26,22:17,1.0,0.1,0.42, Norte,40.0,Tarjeta
VJ001336,bicicleta,2025-07-20,19:32,26.2,4.78,4.02,centro,43.0,TARJETA
VJ001295,patineta,2025-06-24,14:24,22.3,4.51,3.2,CENTRO,28.0,tarjeta
VJ002425,Patineta,2025-06-12,07:11,28.8,4.0,3.74,SUR,29.0,efectivo
VJ000462,Bicicleta,2025-06-27,17:20,8.6,1.62,1.41,SUR,,Tarjeta
VJ000714,Scooter,2025-06-08,06:02,20.2,5.3,2.83,Samborondón,17.0,tarjeta
VJ002665,PATINETA,2025-08-08,01:51,5.9,1.11,1.38,norte,37.0,Efectivo
VJ001372,Patineta,2025-07-29,19:24,22.5,4.27,3.15,sur,29.0,Billetera Digital
VJ002157,Scooter,2025-08-01,02:14,10.1,2.46,2.29,samborondon,38.0,tarjeta
VJ002485,patineta,2025-06-07,18:07,4.8,1.07,1.66,Sur,16.0,tarjeta
VJ001325,Patineta,2025-06-20,07:46,7.3,1.6,1.74,Norte,27.0,BILLETERA DIGITAL
VJ000923,BICICLETA,2025-06-09,18:15,13.1,2.76,1.86,Samborondón,,Efectivo
VJ001894,Patineta,2025-08-10,21:24,8.1,1.44,1.48,NORTE,33.0,BILLETERA DIGITAL
VJ001263,bicicleta,2025-06-16,19:43,30.5,5.75,3.92, Norte,32.0,Efectivo
VJ000332,Bici,2025-08-22,05:20,11.8,2.32,1.48,centro,38.0,efectivo
VJ002571,PATINETA,2025-07-07,11:23,6.8,1.55,1.01, Norte,33.0,TARJETA
VJ001071,BICICLETA,2025-07-20,07:14,14.6,2.03,2.31,centro,21.0,tarjeta
VJ001655,Bicicleta,2025-08-09,12:41,424.2,3.49,1.95,Centro ,39.0,EFECTIVO
VJ002400,Bicicleta,2025-06-12,07:45,20.1,4.19,3.05,norte,29.0,BILLETERA DIGITAL
VJ001001,PATINETA,2025-07-07,21:06,15.3,2.05,2.37,Centro,40.0,Tarjeta
VJ002972,PATINETA,2025-07-24,22:29,21.2,4.12,3.34,Centro ,41.0,billetera digital
VJ002084,Scooter,2025-06-07,07:46,26.5,4.0,3.92,Centro,42.0,tarjeta
VJ000033, Bicicleta,2025-07-16,09:26,25.0,3.7,3.35,Centro,27.0,Tarjeta
VJ002756,Bici,2025-06-22,20:30,22.9,3.77,3.43,Sur,34.0,Efectivo
VJ001178,Bicicleta,2025-06-05,15:14,14.0,1.98,2.05,Centro,,Tarjeta
VJ000148, Bicicleta,2025-07-28,15:47,28.5,4.82,3.98,Norte,31.0,EFECTIVO
VJ000921, Bicicleta,2025-08-10,17:43,1.0,0.1,0.57,Centro ,38.0,TARJETA
VJ000449,bicicleta,2025-08-11,19:11,11.0,2.43,2.23,norte,39.0,tarjeta
VJ000701, Bicicleta,2025-07-06,08:07,16.7,3.83,2.23,SUR,30.0,billetera digital
VJ002551, Patineta,2025-07-28,08:15,2.3,-2.0,1.13,Centro,31.0,tarjeta
VJ000171, Bicicleta,2025-08-23,22:50,17.0,3.28,2.42,SAMBORONDON,25.0,TARJETA
VJ001280, Bicicleta,2025-06-23,18:03,25.1,4.35,3.31,norte,37.0,efectivo
VJ002161,Patineta,2025-06-09,22:49,21.4,5.51,2.93, Norte,31.0,tarjeta
VJ001922, Bicicleta,2025-06-09,18:18,8.4,2.19,85.26,norte,27.0,Tarjeta
VJ000080, Bicicleta,2025-07-15,19:31,1.0,0.19,1.1, Norte,43.0,Tarjeta
VJ001590,bicicleta,2025-07-09,18:21,9.1,0.0,1.4,Centro ,29.0,Efectivo
VJ002678, Patineta,2025-07-27,11:21,7.7,2.0,1.66,Samborondón,5.0,BILLETERA DIGITAL
VJ000145,bicicleta,2025-06-12,21:35,8.5,2.1,,samborondon,32.0,TARJETA
VJ001392,Bici,2025-07-03,07:59,13.2,2.29,2.31,Centro ,22.0,tarjeta
VJ002573,Scooter,2025-07-09,19:23,4.8,0.7,1.46,Centro ,16.0,billetera digital
VJ000495,BICICLETA,2025-06-09,08:54,24.1,3.4,3.3,NORTE,33.0,Billetera Digital
VJ001568, Patineta,2025-07-11,16:37,-1.2,1.5,1.27,,25.0,tarjeta
VJ000601,Bicicleta,2025-07-26,13:04,10.9,2.3,1.55,Samborondon,27.0,Billetera digital
VJ001801, Bicicleta,2025-06-03,07:47,14.4,2.49,2.38,centro,36.0,Efectivo
VJ000267,BICICLETA,2025-06-08,11:37,6.3,1.49,2.15,Samborondón,23.0,tarjeta
VJ001033,patineta,2025-06-17,22:27,14.4,3.21,,Samborondon,,tarjeta
VJ002508,Scooter,2025-06-27,07:16,13.6,2.82,1.98,Samborondón,27.0,Tarjeta
VJ002961,Bicicleta,2025-07-31,18:02,15.6,3.14,2.3,SUR,39.0,tarjeta
VJ002211,bicicleta,2025-08-22,22:37,16.4,4.05,2.33, Norte,23.0,tarjeta
VJ002757,Bici,2025-06-21,12:27,10.9,2.79,1.63,SUR,34.0,Tarjeta
VJ000566,Scooter,2025-07-18,06:49,23.4,3.77,3.78,centro,51.0,Efectivo
VJ002489,bicicleta,2025-08-03,19:42,9.2,2.04,1.9,Centro ,40.0,Billetera digital
VJ002744, Bicicleta,2025-06-22,11:38,10.9,1.94,1.63, Norte,43.0,Tarjeta
VJ002510,Patineta,2025-08-24,14:51,10.1,1.85,1.43,Samborondon,,TARJETA
VJ001974,BICICLETA,2025-08-26,07:05,14.4,2.46,2.17,Centro ,30.0,EFECTIVO
VJ000574, Bicicleta,2025-06-18,11:23,15.1,3.07,2.37,SAMBORONDON,,Efectivo
VJ001749,bicicleta,2025-08-20,18:56,15.9,3.31,2.52,centro,39.0,Tarjeta
VJ001767,PATINETA,2025-06-06,15:10,14.0,3.56,2.46,centro,30.0,billetera digital
VJ002240, Bicicleta,2025-06-21,18:07,12.5,2.75,2.18,Sur,5.0,Efectivo
VJ001451,Patineta,2025-06-13,13:38,16.5,2.74,2.16,samborondon,20.0,tarjeta
VJ000161,Bicicleta,2025-07-19,18:01,8.8,2.13,1.5,SAMBORONDON,27.0,TARJETA
VJ002645, Patineta,2025-08-01,12:22,22.3,3.67,3.06,Samborondón,16.0,Tarjeta
VJ001213,Scooter,2025-07-28,19:03,12.5,2.79,1.62,Samborondon,29.0,Tarjeta
VJ001256,Bici,2025-07-14,19:51,12.0,2.79,1.67,sur,29.0,TARJETA
VJ002704,patineta,2025-07-02,19:16,9.5,1.96,1.43,NORTE,23.0,tarjeta
VJ000786,Bici,2025-06-06,04:34,16.5,3.58,2.96,SUR,35.0,Efectivo
VJ000494,Bici,2025-08-26,13:12,16.2,2.58,2.65,CENTRO,42.0,TARJETA
VJ000583,Bici,2025-07-01,19:55,8.2,1.29,1.82,Sur,55.0,tarjeta
VJ002455,Patineta,2025-08-15,07:39,20.6,3.75,,Sur,19.0,TARJETA
VJ000651,PATINETA,2025-08-22,20:59,461.2,2.29,1.83, Norte,,efectivo
VJ002514,Patineta,2025-08-24,12:49,18.2,4.03,,samborondon,31.0,Billetera digital
VJ001738,Bicicleta,2025-06-29,12:35,22.4,3.45,3.11,centro,40.0,tarjeta
VJ001660,Scooter,2025-07-20,10:19,6.6,1.74,1.41,Samborondon,23.0,billetera digital
VJ000975, Patineta,2025-06-16,18:59,13.5,3.16,2.22,Centro,39.0,TARJETA
VJ002481,patineta,2025-08-23,07:47,18.1,2.68,2.9,CENTRO,20.0,
VJ000350,BICICLETA,2025-08-15,18:33,13.1,2.64,1.72,sur,44.0,TARJETA
VJ002292,patineta,2025-07-14,09:22,21.3,3.83,2.67,Centro ,,tarjeta
VJ000409, Bicicleta,2025-06-08,05:15,2.3,0.53,1.26,centro,35.0,Tarjeta
VJ000702,Bicicleta,2025-06-19,08:48,3.5,0.83,,norte,36.0,Tarjeta
VJ000631,Patineta,2025-08-12,19:37,469.9,1.55,1.06,Samborondon,38.0,efectivo
VJ000882, Patineta,2025-07-01,12:58,8.0,1.49,0.78,Centro,43.0,Tarjeta
VJ001836,patineta,2025-06-13,17:26,10.9,2.35,1.9,Samborondon,,tarjeta
VJ001603,BICICLETA,2025-08-14,19:50,17.0,3.12,1.97,norte,47.0,Tarjeta
VJ001070,Bici,2025-06-04,00:37,1.7,0.33,0.36,centro,24.0,Billetera digital
VJ002386,PATINETA,2025-08-30,10:17,15.3,3.61,2.36,Centro ,31.0,Tarjeta
VJ000097,bicicleta,2025-08-15,08:30,13.3,2.81,1.64,Norte,34.0,TARJETA
VJ001057,BICICLETA,2025-07-12,07:24,13.7,2.73,1.78,CENTRO,19.0,Tarjeta
VJ000573,bicicleta,2025-06-19,10:13,22.0,3.15,2.73,samborondon,23.0,tarjeta
VJ001465,PATINETA,2025-06-23,19:09,1.6,0.36,156.09,Norte,23.0,Efectivo
VJ000747,Patineta,2025-07-03,22:31,4.9,1.26,1.09,NORTE,28.0,tarjeta
VJ000235,bicicleta,2025-06-07,02:14,8.3,1.81,,Centro ,23.0,Billetera Digital
VJ001135,patineta,2025-08-19,11:43,25.7,3.79,4.3,Sur,31.0,Billetera digital
VJ001124,Bici,2025-07-06,19:22,13.1,2.68,1.93,NORTE,34.0,billetera digital
VJ002540,Bicicleta,2025-08-06,23:25,19.1,3.02,2.57,CENTRO,28.0,Billetera digital
VJ000476, Bicicleta,2025-06-28,08:16,9.4,1.81,1.83,Sur,25.0,efectivo
VJ000991,patineta,2025-07-08,09:01,184.9,3.36,2.37,Norte,27.0,Tarjeta
VJ001518,patineta,2025-06-02,11:49,8.6,1.72,1.64,samborondon,33.0,EFECTIVO
VJ002423,Bici,2025-08-23,23:00,4.1,0.71,0.71,norte,33.0,TARJETA
VJ002822,Bici,2025-06-25,19:10,16.1,3.21,2.61,Centro ,28.0,Billetera Digital
VJ001959,bicicleta,2025-08-27,06:42,10.5,2.35,1.66,Samborondon,37.0,billetera digital
VJ001225,patineta,2025-07-18,20:04,7.4,1.39,1.09,SAMBORONDON,19.0,Efectivo
VJ000137,Scooter,2025-08-28,00:47,21.5,3.08,2.98, Norte,34.0,TARJETA
VJ001503, Bicicleta,2025-06-18,19:00,1.9,0.4,0.43,Centro,17.0,TARJETA
VJ000219,patineta,2025-07-28,18:12,203.4,3.36,2.58,Centro ,43.0,efectivo
VJ000630, Bicicleta,2025-07-11,22:19,352.6,0.77,0.5,CENTRO,19.0,Efectivo
VJ002801,patineta,2025-06-12,17:02,9.5,1.92,178.91,Samborondon,16.0,tarjeta
VJ000599,Patineta,2025-08-23,10:24,17.1,3.9,2.57,Samborondon,,TARJETA
VJ001122,patineta,2025-08-01,18:07,6.8,1.79,1.02,centro,,Tarjeta
VJ002023,BICICLETA,2025-07-04,21:05,12.3,1.85,,Centro,43.0,TARJETA
VJ001648,Bici,2025-06-04,19:22,12.1,2.74,1.1,NORTE,34.0,TARJETA
VJ002839,patineta,2025-07-07,07:49,14.5,2.22,2.22,Sur,,efectivo
VJ000025,patineta,2025-06-30,18:31,10.0,2.07,1.79,Sur,30.0,Tarjeta
VJ002591,Scooter,2025-06-11,07:59,3.3,0.66,0.83, Norte,35.0,billetera digital
VJ001114,Bici,2025-07-10,07:14,18.3,3.65,119.39,Norte,24.0,EFECTIVO
VJ001965, Bicicleta,2025-06-24,05:02,14.3,1.96,2.25,centro,16.0,TARJETA
VJ000195,bicicleta,2025-06-04,11:04,13.5,2.85,2.4,Norte,35.0,Tarjeta
VJ001119,bicicleta,2025-07-12,16:24,13.4,3.52,2.15,Centro ,20.0,TARJETA
VJ000927,PATINETA,2025-08-20,17:19,7.5,1.76,1.76,NORTE,20.0,TARJETA
VJ002055, Patineta,2025-06-24,19:00,21.4,3.03,2.77,Samborondon,34.0,efectivo
VJ000731, Patineta,2025-08-17,16:15,16.7,3.28,2.06,Samborondon,37.0,Tarjeta
VJ001358,Scooter,2025-07-30,18:00,9.5,1.32,1.6,Samborondón,22.0,Tarjeta
VJ000812,PATINETA,2025-07-02,12:42,12.2,1.75,1.81,norte,35.0,billetera digital
VJ001083,Bici,2025-07-10,13:31,14.8,3.33,2.04,Centro ,23.0,EFECTIVO
VJ002166,patineta,2025-07-07,08:19,3.8,0.77,0.73,NORTE,34.0,Billetera digital
VJ001601,Bicicleta,2025-07-04,18:10,12.2,3.03,1.74,Centro,26.0,billetera digital
VJ000008,patineta,2025-08-14,01:47,12.1,2.74,2.33,norte,39.0,TARJETA
VJ001755,Bicicleta,2025-06-03,17:12,29.6,5.37,4.01,Norte,34.0,billetera digital
VJ000426, Bicicleta,2025-07-30,17:47,18.1,-2.0,2.62,centro,32.0,Efectivo
VJ001868,bicicleta,2025-07-04,18:51,9.8,1.72,1.56,CENTRO,36.0,efectivo
VJ000527,patineta,2025-08-10,18:18,11.5,2.68,1.82,CENTRO,25.0,tarjeta
VJ000570, Patineta,2025-07-10,09:14,24.2,3.86,3.41,Norte,41.0,efectivo
VJ001293, Patineta,2025-08-16,19:16,11.0,2.59,2.11,Samborondón,58.0,EFECTIVO
VJ000765,BICICLETA,2025-07-24,11:01,10.8,2.72,1.78,centro,34.0,Efectivo
VJ002682, Patineta,2025-08-15,08:47,19.7,3.83,2.34,CENTRO,25.0,Tarjeta
VJ002076, Bicicleta,2025-06-18,07:00,5.5,0.98,1.58,Centro ,47.0,tarjeta
VJ000616,Bicicleta,2025-07-04,16:30,10.6,2.02,1.98,SUR,27.0,
VJ002083,Patineta,2025-06-21,06:48,16.5,3.6,,CENTRO,25.0,efectivo
VJ002180,bicicleta,2025-07-10,20:52,18.0,4.12,2.48,Sur,25.0,tarjeta
VJ000293,BICICLETA,2025-07-21,17:07,-5.0,1.38,0.91,centro,16.0,Efectivo
VJ002985,Scooter,2025-08-30,22:14,5.1,1.21,1.12,Norte,26.0,tarjeta
VJ001197,bicicleta,2025-08-12,20:06,8.6,2.22,1.55,norte,,TARJETA
VJ002706, Patineta,2025-08-20,22:48,16.4,2.49,2.43,norte,30.0,tarjeta
VJ002347,Scooter,2025-07-20,08:41,18.0,4.01,2.78,Sur,28.0,tarjeta
VJ002684,Bicicleta,2025-06-14,20:01,9.7,2.54,2.45,centro,35.0,TARJETA
VJ002984,bicicleta,2025-07-02,20:44,1.8,0.27,0.86,Samborondón,46.0,Tarjeta
VJ002470,Scooter,2025-08-29,17:49,11.6,2.2,1.43,centro,32.0,Billetera Digital
VJ000727,Bicicleta,2025-08-08,06:00,16.4,3.34,2.49,centro,26.0,efectivo
VJ000413,Bicicleta,2025-08-02,14:27,10.6,2.32,1.84,samborondon,30.0,EFECTIVO
VJ001930, Bicicleta,2025-08-01,18:49,11.7,2.94,1.62,Centro,31.0,Billetera Digital
VJ002598,patineta,2025-08-31,06:03,12.8,3.23,2.07,norte,39.0,Billetera Digital
VJ001828,Bicicleta,2025-06-30,12:41,3.8,0.93,1.19,samborondon,34.0,Efectivo
VJ000937, Bicicleta,2025-08-23,05:19,14.9,2.58,2.3,SUR,30.0,tarjeta
VJ002359,PATINETA,2025-07-13,11:06,8.6,1.95,1.05,Centro,30.0,Efectivo
VJ002269,Bicicleta,2025-08-13,12:05,16.7,2.71,2.34,Samborondón,46.0,tarjeta
VJ000946,patineta,2025-07-03,07:08,19.9,3.24,2.11,NORTE,20.0,tarjeta
VJ000481,BICICLETA,2025-08-18,21:27,21.6,4.04,3.47,norte,18.0,TARJETA
VJ000898, Bicicleta,2025-08-09,09:34,7.8,1.8,1.43,CENTRO,33.0,Tarjeta
VJ000869,PATINETA,2025-08-09,10:43,18.0,4.28,2.47,sur,28.0,efectivo
VJ002799, Bicicleta,2025-06-22,18:13,5.5,0.9,0.89,CENTRO,,efectivo
VJ002170,Scooter,2025-06-14,15:06,24.2,3.35,3.07,Centro ,26.0,Tarjeta
VJ001538,Bicicleta,2025-08-24,20:14,5.1,0.77,1.13,sur,21.0,Tarjeta
VJ000096,Bicicleta,2025-07-03,07:55,4.4,1.06,1.25,centro,25.0,TARJETA
VJ002825,Scooter,2025-07-20,19:41,18.8,3.34,2.45,centro,17.0,billetera digital
VJ001784,Bicicleta,2025-07-06,06:01,12.7,2.21,,SAMBORONDON,26.0,tarjeta
VJ002768,PATINETA,2025-07-20,22:28,401.0,3.33,2.47,Centro,20.0,Efectivo
VJ002863, Patineta,2025-06-10,08:38,21.5,4.9,2.28,centro,33.0,Tarjeta
VJ002642,patineta,2025-08-09,14:17,15.5,3.71,1.98,,37.0,TARJETA
VJ002021,PATINETA,2025-07-29,07:55,13.5,3.39,2.36,Norte,27.0,tarjeta
VJ000879,bicicleta,2025-06-19,22:47,10.1,2.46,1.42,Centro,110.0,Billetera Digital
VJ002299,bicicleta,2025-08-20,10:43,9.2,2.01,1.4,Sur,16.0,tarjeta
VJ000587, Patineta,2025-06-03,10:07,13.4,3.01,2.0,CENTRO,25.0,efectivo
VJ000431, Patineta,2025-08-06,07:11,11.1,2.29,1.65, Norte,48.0,Billetera digital
VJ002542,Patineta,2025-07-22,08:02,5.5,1.03,1.26,Sur,32.0,Billetera digital
VJ001999,Patineta,2025-07-30,07:01,10.9,2.43,1.67,centro,24.0,BILLETERA DIGITAL
VJ002819,Bicicleta,2025-08-23,16:43,12.2,2.51,2.35,NORTE,18.0,tarjeta
VJ000862,Bici,2025-06-28,12:42,14.7,2.75,2.24,norte,24.0,Tarjeta
VJ002703, Bicicleta,2025-08-10,11:20,9.5,1.99,1.96,centro,20.0,tarjeta
VJ001429,Bici,2025-07-26,13:01,1.5,0.36,0.44, Norte,28.0,Billetera Digital
VJ002936,BICICLETA,2025-07-02,00:07,4.2,0.9,1.3,Samborondón,36.0,billetera digital
VJ002003,Bici,2025-06-09,19:42,9.2,2.0,1.66,Centro ,29.0,Tarjeta
VJ002702, Bicicleta,2025-07-19,07:45,9.6,2.19,1.01,sur,30.0,Efectivo
VJ001230,patineta,2025-06-21,14:43,9.6,2.17,1.43,Centro ,44.0,tarjeta
VJ001454,BICICLETA,2025-07-30,17:40,4.0,0.64,0.71,samborondon,33.0,Tarjeta
VJ001864,bicicleta,2025-06-17,05:40,14.2,2.77,2.49,Centro ,,TARJETA
VJ000172,patineta,2025-06-20,21:00,14.5,2.49,, Norte,25.0,Billetera digital
VJ002844, Bicicleta,2025-06-01,06:10,25.3,4.57,3.65,Samborondón,48.0,Tarjeta
VJ001014,PATINETA,2025-08-05,14:40,8.2,1.39,1.23, Norte,27.0,Tarjeta
VJ001940,Bicicleta,2025-08-06,11:28,13.5,3.46,1.6,Samborondón,25.0,EFECTIVO
VJ002339, Bicicleta,2025-07-12,18:13,7.5,1.52,1.31,NORTE,28.0,tarjeta
VJ002405,Scooter,2025-06-20,02:39,1.0,0.1,0.69,,39.0,
VJ002747,Scooter,2025-07-29,15:07,11.9,3.04,2.09,Norte,36.0,efectivo
VJ002285, Patineta,2025-07-19,18:05,11.8,2.94,188.07,samborondon,36.0,Tarjeta
VJ001594,bicicleta,2025-07-10,23:53,10.5,2.47,1.78,centro,28.0,tarjeta
VJ001599,PATINETA,2025-06-11,19:47,27.8,-0.5,4.08,CENTRO,16.0,EFECTIVO
VJ001265,Bicicleta,2025-08-23,07:42,28.4,3.85,3.68,sur,31.0,Billetera digital
VJ002849,PATINETA,2025-06-15,18:39,25.0,3.93,3.83,Sur,34.0,Tarjeta
VJ002528,Bici,2025-08-30,11:47,18.3,3.27,3.01,Sur,46.0,Tarjeta
VJ002442,Patineta,2025-08-17,15:46,20.0,3.86,2.47,Centro ,42.0,TARJETA
VJ000263, Bicicleta,2025-07-02,11:24,20.9,2.8,2.81,Centro ,29.0,Tarjeta
VJ001026, Patineta,2025-07-17,19:32,4.9,0.82,0.75,Centro ,35.0,Billetera digital
VJ001911, Bicicleta,2025-08-01,07:54,9.6,2.51,1.37,Centro,16.0,efectivo
VJ001305,PATINETA,2025-07-04,07:52,6.6,1.38,0.93,SAMBORONDON,27.0,EFECTIVO
VJ002477, Patineta,2025-07-08,23:47,10.9,2.43,1.6,Centro,22.0,TARJETA
VJ001706, Bicicleta,2025-06-02,17:28,11.2,2.76,2.39,Norte,32.0,Tarjeta
VJ001376, Bicicleta,2025-06-27,17:10,7.3,1.53,1.3,norte,33.0,EFECTIVO
VJ000790,Patineta,2025-08-21,17:03,15.5,2.63,2.79,centro,41.0,tarjeta
VJ001969,PATINETA,2025-08-17,17:45,22.6,3.39,,Centro,28.0,Tarjeta
VJ001264,Bici,2025-07-20,20:04,25.7,-0.5,3.8,CENTRO,30.0,BILLETERA DIGITAL
VJ002669,PATINETA,2025-07-06,07:24,6.1,1.09,0.96,centro,34.0,billetera digital
VJ000424, Bicicleta,2025-07-24,19:27,13.2,2.24,2.18,centro,27.0,Tarjeta
VJ000955,Bicicleta,2025-08-19,12:51,25.7,4.02,3.85,,29.0,TARJETA
VJ002430,patineta,2025-07-05,08:43,9.9,1.63,1.71,sur,42.0,Tarjeta
VJ002913, Bicicleta,2025-07-02,07:37,8.5,2.09,,SUR,,billetera digital
VJ002210,BICICLETA,2025-06-11,18:34,13.6,3.1,2.53,Norte,30.0,tarjeta
VJ002691,patineta,2025-07-12,20:47,-1.2,4.79,2.32,centro,24.0,efectivo
VJ001788,BICICLETA,2025-08-06,16:26,11.3,2.86,1.81,norte,26.0,Billetera Digital
VJ000632,Bicicleta,2025-08-05,11:48,16.5,2.39,2.61,Centro ,27.0,Tarjeta
VJ002970,PATINETA,2025-06-01,18:29,8.6,1.44,1.76,CENTRO,29.0,EFECTIVO
VJ002217,Bicicleta,2025-06-25,00:18,19.6,4.56,2.81,NORTE,32.0,Tarjeta
VJ000253,bicicleta,2025-06-09,09:41,18.0,4.02,2.35,Sur,24.0,TARJETA
VJ002679,patineta,2025-06-19,23:15,9.9,2.55,1.64,Centro ,28.0,Efectivo
VJ000368, Bicicleta,2025-07-12,07:40,1.0,0.1,1.03,Centro,35.0,Efectivo
VJ001771,bicicleta,2025-08-21,20:49,-5.0,1.47,1.23,Centro,30.0,Tarjeta
VJ000389,Bicicleta,2025-08-16,12:58,5.3,1.21,0.78,SAMBORONDON,26.0,tarjeta
VJ000239,bicicleta,2025-07-11,17:53,8.8,2.18,1.65,NORTE,24.0,TARJETA
VJ002554,BICICLETA,2025-06-06,08:24,13.7,3.13,2.4,NORTE,26.0,tarjeta
VJ000837,Scooter,2025-06-04,22:56,7.3,1.51,1.36,Norte,26.0,TARJETA
VJ002570,BICICLETA,2025-08-01,20:55,15.9,3.45,,samborondon,27.0,TARJETA
VJ001235,BICICLETA,2025-08-08,21:39,7.0,1.17,1.6,Centro ,30.0,BILLETERA DIGITAL
VJ001248,Bicicleta,2025-06-09,06:03,14.1,2.84,2.38,norte,25.0,Tarjeta
VJ002040,bicicleta,2025-07-24,06:22,15.7,3.28,2.45,norte,37.0,TARJETA
VJ000220, Bicicleta,2025-07-27,18:05,28.3,4.4,3.45,Norte,,BILLETERA DIGITAL
VJ002416,Bici,2025-06-04,06:32,6.9,0.96,1.06,Samborondón,41.0,Tarjeta
VJ001520,Bici,2025-08-16,22:53,12.8,2.17,2.38,Norte,45.0,Billetera digital
VJ002892,Scooter,2025-06-10,07:06,3.9,0.9,0.83,samborondon,,EFECTIVO
VJ001012,Bicicleta,2025-07-17,13:44,6.3,1.37,1.16,CENTRO,26.0,Billetera Digital
VJ000399,PATINETA,2025-07-06,20:30,8.3,1.26,1.29,Samborondón,17.0,Efectivo
VJ001375,PATINETA,2025-08-05,08:14,16.0,2.61,2.36,centro,31.0,tarjeta
VJ002271,Scooter,2025-07-18,13:47,1.0,0.1,0.68,samborondon,28.0,TARJETA
VJ002817, Bicicleta,2025-07-24,21:09,3.1,0.55,0.99,Centro,,Efectivo
VJ001064,Patineta,2025-08-12,12:26,9.5,2.07,164.95,Samborondon,39.0,Billetera Digital
VJ001285,BICICLETA,2025-07-23,23:17,14.1,2.41,2.13, Norte,30.0,TARJETA
VJ000378, Patineta,2025-07-20,10:56,7.4,1.69,1.28, Norte,28.0,TARJETA
VJ001987,BICICLETA,2025-08-31,12:30,13.3,3.42,1.92,NORTE,21.0,TARJETA
VJ000337,Bici,2025-07-06,10:41,7.6,1.94,1.55,SAMBORONDON,16.0,Tarjeta
VJ002914,BICICLETA,2025-07-30,19:30,8.9,2.11,,NORTE,37.0,tarjeta
VJ002044,Bicicleta,2025-08-14,18:04,15.5,3.3,2.47,CENTRO,110.0,
VJ001464,Bicicleta,2025-07-09,13:38,18.6,2.86,2.67,centro,16.0,EFECTIVO
VJ002716,Patineta,2025-06-07,19:54,8.3,2.07,1.3,norte,36.0,tarjeta
VJ001889,Scooter,2025-06-30,12:15,25.8,3.53,3.81,Samborondon,29.0,tarjeta
VJ002034,bicicleta,2025-06-17,11:29,26.5,4.37,3.89,Samborondon,28.0,tarjeta
VJ000408,Bici,2025-08-31,00:26,1.0,0.1,1.06,Centro,24.0,Tarjeta
VJ001905,PATINETA,2025-07-17,06:29,7.8,2.08,1.33,SAMBORONDON,16.0,tarjeta
VJ002191,bicicleta,2025-08-16,12:50,5.0,1.21,1.33,CENTRO,24.0,TARJETA
VJ001996,Bicicleta,2025-07-02,13:43,16.3,2.42,2.77,centro,,Tarjeta
VJ000144, Patineta,2025-07-30,07:44,15.4,2.83,2.25,centro,45.0,efectivo
VJ002877,Bici,2025-08-07,12:16,20.9,3.32,3.49,NORTE,29.0,tarjeta
VJ001037,Bici,2025-08-18,01:52,1.0,0.1,1.42,,25.0,Tarjeta
VJ002313,Bicicleta,2025-06-14,08:46,3.5,0.94,0.73,CENTRO,28.0,efectivo
VJ000119,bicicleta,2025-07-13,18:35,7.0,1.58,1.16,sur,32.0,tarjeta
VJ001957,Bici,2025-06-22,06:58,20.3,3.16,2.65,Sur,33.0,TARJETA
VJ001200,BICICLETA,2025-06-14,18:14,21.3,3.47,3.14,SUR,32.0,tarjeta
VJ001198,BICICLETA,2025-06-13,08:12,19.9,4.06,2.42, Norte,,billetera digital
VJ002792,BICICLETA,2025-06-30,11:12,7.0,1.81,1.67,Samborondón,26.0,
VJ001743,bicicleta,2025-07-18,06:58,8.9,2.3,2.05,samborondon,18.0,TARJETA
VJ002843,Bici,2025-08-16,09:30,5.7,1.35,1.04,samborondon,19.0,efectivo
VJ002069,BICICLETA,2025-07-20,22:21,1.0,0.1,0.43,Samborondon,,Tarjeta
VJ000128, Bicicleta,2025-08-01,18:44,16.4,3.05,2.8,Sur,24.0,BILLETERA DIGITAL
VJ000666,PATINETA,2025-07-03,20:13,4.8,0.88,1.63,sur,43.0,tarjeta
VJ000208, Bicicleta,2025-06-02,20:05,424.0,3.41,3.37, Norte,28.0,Tarjeta
VJ001452,PATINETA,2025-07-18,21:14,17.5,3.65,2.87,Sur,,tarjeta
VJ001144,Bici,2025-08-18,18:15,10.1,2.34,1.66,centro,54.0,efectivo
VJ001548,Bicicleta,2025-07-28,19:33,9.9,1.68,1.72,norte,34.0,Tarjeta
VJ000532,Bicicleta,2025-07-27,13:00,26.5,4.36,3.78,Norte,16.0,EFECTIVO
VJ002943, Bicicleta,2025-07-27,13:59,17.6,2.5,2.36,centro,30.0,efectivo
VJ002268,BICICLETA,2025-06-22,17:27,7.4,1.25,1.35,Centro ,25.0,Efectivo
VJ001329,patineta,2025-08-29,02:26,18.8,3.09,2.61,centro,22.0,BILLETERA DIGITAL
VJ002377,BICICLETA,2025-08-22,06:20,250.3,3.19,2.65,sur,31.0,Tarjeta
VJ000450,Bici,2025-06-19,07:05,8.0,1.31,1.3,Sur,37.0,EFECTIVO
VJ000951,BICICLETA,2025-07-26,18:20,12.7,3.14,1.98,Centro,29.0,
VJ002927,BICICLETA,2025-07-22,06:46,13.4,2.8,1.73,Samborondón,28.0,Tarjeta
VJ000749,Patineta,2025-08-19,19:05,18.6,3.73,2.83,Norte,29.0,Billetera Digital
VJ002685, Bicicleta,2025-08-25,08:38,20.9,2.83,3.18,samborondon,20.0,TARJETA
VJ000940,BICICLETA,2025-08-19,07:48,6.6,1.27,1.09,CENTRO,5.0,efectivo
VJ002125,PATINETA,2025-08-10,20:29,21.5,3.98,2.94,Samborondón,40.0,BILLETERA DIGITAL
VJ002078,Patineta,2025-08-20,07:57,6.8,1.79,1.14,samborondon,38.0,tarjeta
VJ001022,patineta,2025-07-10,12:37,12.1,2.25,2.45,samborondon,33.0,Tarjeta
VJ000430,patineta,2025-08-07,22:14,19.4,2.91,3.01,Samborondón,16.0,TARJETA
VJ000132,patineta,2025-08-28,15:08,13.9,3.08,2.17,Samborondon,40.0,efectivo
VJ000758,Scooter,2025-06-23,18:42,8.6,1.62,1.17,Sur,25.0,Tarjeta
VJ002202,Bicicleta,2025-07-28,12:25,1.0,0.1,0.3,Centro,31.0,Billetera digital
VJ001341, Bicicleta,2025-06-21,05:40,7.0,1.65,1.5,Samborondón,16.0,BILLETERA DIGITAL
VJ001101,Patineta,2025-06-16,06:17,16.5,3.41,3.03,SAMBORONDON,31.0,EFECTIVO
VJ002686, Bicicleta,2025-08-20,22:35,12.0,1.76,, Norte,,TARJETA
VJ002343,Patineta,2025-07-13,12:15,7.6,1.53,1.59, Norte,30.0,TARJETA
VJ000533,Bicicleta,2025-08-17,21:03,14.8,3.94,1.89,,47.0,TARJETA
VJ002629,Scooter,2025-07-13,18:55,15.9,2.93,1.99,Samborondon,22.0,EFECTIVO
VJ002690, Patineta,2025-07-26,20:08,13.4,1.86,2.53,sur,38.0,TARJETA
VJ001187,Bicicleta,2025-06-18,12:15,4.1,1.03,1.08,Samborondon,22.0,Billetera Digital
VJ001108,PATINETA,2025-06-22,20:15,10.4,2.54,2.01,norte,43.0,Tarjeta
VJ001097,Bici,2025-07-25,00:48,12.8,1.89,2.22,Centro ,41.0,tarjeta
VJ000700,patineta,2025-07-08,08:37,37.0,5.43,5.58,CENTRO,27.0,Billetera digital
VJ000365,bicicleta,2025-07-25,18:35,12.3,1.97,1.34,samborondon,17.0,tarjeta
VJ001149,Scooter,2025-06-19,18:54,12.7,1.92,1.55,norte,41.0,Efectivo
VJ002907,patineta,2025-06-17,10:00,8.6,1.9,1.38,Centro ,47.0,Tarjeta
VJ002855,bicicleta,2025-07-08,20:27,15.3,2.82,2.32,Samborondón,22.0,tarjeta
VJ002989, Bicicleta,2025-06-05,09:04,23.3,3.72,3.28,norte,22.0,Billetera digital
VJ001763,Scooter,2025-06-04,15:33,1.4,0.28,0.56, Norte,39.0,BILLETERA DIGITAL
VJ000178, Bicicleta,2025-07-26,17:15,12.3,1.78,2.15,,30.0,Billetera digital
VJ001403,BICICLETA,2025-08-22,20:15,14.9,3.47,2.31,Samborondón,32.0,tarjeta
VJ002545, Patineta,2025-07-27,16:41,6.0,1.18,1.46,Centro ,26.0,tarjeta
VJ002763,patineta,2025-08-04,09:16,5.3,1.08,1.22,Centro,35.0,Efectivo
VJ000354, Patineta,2025-06-02,18:19,7.8,1.85,1.19,Samborondon,32.0,EFECTIVO
VJ001928,Bici,2025-08-19,23:22,0.0,3.87,1.52,SAMBORONDON,27.0,Efectivo
VJ001347,Bicicleta,2025-07-15,10:47,4.9,1.22,0.93,Centro,36.0,efectivo
VJ002025,PATINETA,2025-06-10,12:31,18.2,2.54,2.68,,31.0,TARJETA
VJ000741,Patineta,2025-06-26,21:21,7.7,1.79,1.32,samborondon,26.0,efectivo
VJ000175,Bicicleta,2025-07-26,07:26,3.1,0.81,0.58,Samborondón,110.0,BILLETERA DIGITAL
VJ000505,Patineta,2025-08-16,17:16,3.7,0.73,0.44,samborondon,,TARJETA
VJ002321, Bicicleta,2025-06-02,13:22,27.9,4.03,3.07,CENTRO,25.0,Efectivo
VJ000206,Patineta,2025-07-17,17:55,10.5,2.78,1.81,norte,,efectivo
VJ002733,patineta,2025-07-03,12:46,4.1,0.87,0.97,NORTE,30.0,tarjeta
VJ001040,BICICLETA,2025-06-11,16:15,7.9,1.2,1.54,CENTRO,17.0,BILLETERA DIGITAL
VJ001823,Bicicleta,2025-07-27,14:42,11.4,3.01,1.9,Norte,41.0,Tarjeta
VJ001753,bicicleta,2025-06-04,14:16,14.1,3.69,2.35,Centro,38.0,TARJETA
VJ000769,Bicicleta,2025-08-02,14:06,19.2,2.85,2.48,CENTRO,47.0,tarjeta
VJ000855,PATINETA,2025-08-02,17:57,12.0,1.69,1.89,CENTRO,22.0,TARJETA
VJ002873,PATINETA,2025-07-17,02:01,1.0,0.1,0.78,samborondon,35.0,efectivo
VJ002743,PATINETA,2025-08-23,20:57,15.0,3.28,2.45,CENTRO,18.0,billetera digital
VJ000281,Bicicleta,2025-08-07,08:15,8.9,2.11,1.42,Samborondón,34.0,TARJETA
VJ002846, Patineta,2025-06-24,08:03,16.9,4.05,2.33,norte,43.0,TARJETA
VJ002544,BICICLETA,2025-07-26,08:31,23.7,4.43,3.08,NORTE,30.0,tarjeta
VJ002677,Patineta,2025-06-06,16:27,3.6,0.73,1.25,norte,28.0,Billetera digital
VJ000906,Bici,2025-06-12,21:16,5.2,1.23,1.12,norte,21.0,Billetera digital
VJ001691,Scooter,2025-08-07,02:15,18.2,2.55,2.3,norte,28.0,Tarjeta
VJ002643,bicicleta,2025-07-29,07:18,230.2,2.95,,sur,31.0,Efectivo
VJ002363,Patineta,2025-06-12,05:51,15.9,2.81,2.12,norte,25.0,TARJETA
VJ002070,Bici,2025-07-08,17:06,13.6,3.16,2.69,sur,54.0,TARJETA
VJ002860,PATINETA,2025-06-13,18:44,5.4,1.43,1.12,CENTRO,25.0,tarjeta
VJ002092,Bicicleta,2025-06-02,02:50,20.4,2.73,3.35,Samborondón,29.0,Billetera digital
VJ000996, Patineta,2025-06-24,14:23,13.8,1.85,1.79,Centro,34.0,TARJETA
VJ001436,Bicicleta,2025-06-13,07:49,1.0,0.1,0.3,Centro,21.0,TARJETA
VJ002880, Patineta,2025-06-05,07:19,13.9,2.03,2.05, Norte,36.0,TARJETA
VJ002096, Patineta,2025-06-18,17:03,21.3,3.1,2.62,Centro,33.0,tarjeta
VJ002550,Bicicleta,2025-08-30,08:21,22.0,3.01,2.48,norte,29.0,EFECTIVO
VJ000381,BICICLETA,2025-06-20,16:40,11.7,2.88,1.24,Samborondon,37.0,BILLETERA DIGITAL
VJ001540,BICICLETA,2025-08-01,21:11,1.0,0.1,0.54,Samborondon,23.0,tarjeta
VJ002511,Patineta,2025-06-26,19:07,12.7,2.02,2.04,centro,26.0,tarjeta
VJ001571,bicicleta,2025-08-30,22:06,13.8,3.48,3.02,Centro,35.0,BILLETERA DIGITAL
VJ000183,Bicicleta,2025-08-16,13:56,16.2,2.77,,sur,30.0,tarjeta
VJ002421, Patineta,2025-07-29,17:12,13.4,3.17,2.25,centro,27.0,tarjeta
VJ002626,bicicleta,2025-07-02,01:28,8.1,1.86,1.73,sur,16.0,BILLETERA DIGITAL
VJ002417,patineta,2025-08-28,14:39,6.1,1.55,0.96,NORTE,29.0,billetera digital
VJ002238,Scooter,2025-07-27,12:22,6.7,1.18,1.15,SUR,38.0,TARJETA
VJ000716,PATINETA,2025-08-08,12:29,10.3,1.44,1.7,Sur,34.0,Billetera Digital
VJ000439,Scooter,2025-07-07,17:01,10.7,2.8,1.85,Samborondon,28.0,efectivo
VJ002193,bicicleta,2025-08-21,17:58,15.5,2.9,2.36,centro,16.0,Tarjeta
VJ000201,Bicicleta,2025-06-28,22:50,17.7,3.2,3.0,,35.0,BILLETERA DIGITAL
VJ001758,patineta,2025-06-28,11:16,12.9,2.5,2.39,Centro ,44.0,efectivo
VJ002101,Scooter,2025-06-01,09:58,14.7,3.05,2.05,CENTRO,37.0,Tarjeta
VJ001782,Bici,2025-07-21,15:57,14.0,3.36,2.47,Centro ,,tarjeta
VJ000534,Bicicleta,2025-08-12,21:42,14.9,2.24,,sur,34.0,TARJETA
VJ000547, Patineta,2025-07-30,06:06,8.4,1.55,1.37, Norte,28.0,tarjeta
VJ000477,BICICLETA,2025-08-06,02:37,2.3,0.36,1.42, Norte,35.0,Tarjeta
VJ000460,Scooter,2025-07-02,23:39,6.1,1.42,0.81,Sur,33.0,Tarjeta
VJ001545,bicicleta,2025-07-30,16:21,13.9,3.01,2.13,norte,29.0,tarjeta
VJ001747,Bici,2025-06-01,19:39,10.5,2.52,1.71,SAMBORONDON,20.0,
VJ001845,patineta,2025-08-13,00:13,0.0,1.81,,Sur,26.0,Billetera digital
VJ002221,patineta,2025-07-23,03:24,22.7,3.44,,Samborondón,,Tarjeta
VJ001163,BICICLETA,2025-08-13,18:06,10.8,2.58,1.53,Samborondon,29.0,EFECTIVO
VJ000146,Bici,2025-06-12,21:35,443.2,0.21,0.63,CENTRO,27.0,tarjeta
VJ001912,BICICLETA,2025-06-10,18:45,1.0,0.2,0.72,Samborondon,32.0,EFECTIVO
VJ002803,patineta,2025-08-19,17:29,26.3,4.87,3.54,centro,31.0,tarjeta
VJ001384,BICICLETA,2025-06-03,08:11,9.0,1.37,1.77,Sur,44.0,
VJ001514,Patineta,2025-07-01,21:45,16.0,3.57,2.55,Centro,17.0,billetera digital
VJ002295,bicicleta,2025-07-07,08:31,10.3,1.44,1.55,,30.0,billetera digital
VJ001276, Bicicleta,2025-07-15,19:02,0.0,2.27,1.3,samborondon,,TARJETA
VJ000006,Bicicleta,2025-06-12,01:55,18.0,2.63,2.44,,38.0,TARJETA
VJ000004,Patineta,2025-06-29,13:29,237.8,2.3,2.01,Centro ,37.0,Efectivo
VJ000315,Bici,2025-08-24,08:41,32.8,5.25,4.77,sur,30.0,EFECTIVO
VJ002452, Patineta,2025-08-31,18:24,15.5,4.04,2.11,SAMBORONDON,19.0,BILLETERA DIGITAL
VJ001419,BICICLETA,2025-06-27,08:11,15.0,2.97,2.75,Sur,34.0,BILLETERA DIGITAL
VJ002919,Scooter,2025-08-02,13:40,11.1,2.68,1.64,CENTRO,30.0,BILLETERA DIGITAL
VJ002434, Patineta,2025-08-14,13:33,6.8,1.0,0.74,norte,45.0,EFECTIVO
VJ001810,Bicicleta,2025-06-12,15:25,7.9,1.59,1.05,Centro ,30.0,Tarjeta
VJ002607,Scooter,2025-06-06,07:32,15.5,2.09,2.3,Samborondón,44.0,Tarjeta
VJ001294,Patineta,2025-07-12,12:09,12.0,1.89,2.46,Centro,17.0,billetera digital
VJ000597,PATINETA,2025-08-08,08:25,16.4,3.27,2.34,norte,37.0,Efectivo
VJ000373,bicicleta,2025-07-23,07:08,21.5,5.11,3.59,Sur,16.0,TARJETA
VJ000933,Bicicleta,2025-07-24,04:08,14.5,3.11,,centro,51.0,tarjeta
VJ000686, Patineta,2025-07-24,07:55,17.6,3.4,2.46,Centro,33.0,Tarjeta
VJ001165,PATINETA,2025-07-16,04:29,12.4,2.79,1.81,Samborondón,20.0,tarjeta
VJ001634,Scooter,2025-08-15,20:46,9.4,1.31,1.53,samborondon,,EFECTIVO
VJ002484,Bicicleta,2025-06-05,18:43,14.9,2.22,2.48, Norte,46.0,Efectivo
VJ001098,BICICLETA,2025-06-20,08:22,15.8,3.35,2.51,Centro,38.0,Efectivo
VJ002771,PATINETA,2025-08-24,09:22,7.0,1.84,1.19,SUR,41.0,tarjeta
VJ002539,Bicicleta,2025-06-27,07:43,8.9,2.3,1.04,Norte,38.0,billetera digital
VJ000310,bicicleta,2025-08-15,08:35,12.4,3.27,1.8,NORTE,30.0,Efectivo
VJ001100, Bicicleta,2025-08-10,07:42,11.1,2.39,2.21, Norte,32.0,BILLETERA DIGITAL
VJ000510,bicicleta,2025-07-28,11:53,20.6,3.1,3.05,Centro,16.0,BILLETERA DIGITAL
VJ001170,Patineta,2025-06-01,07:36,10.1,2.16,1.2,samborondon,24.0,BILLETERA DIGITAL
VJ002300,bicicleta,2025-07-20,19:45,23.1,5.59,3.12,Sur,33.0,Tarjeta
VJ001487,BICICLETA,2025-07-19,08:04,16.3,2.22,2.66,SUR,34.0,Billetera digital
VJ002750,Patineta,2025-07-30,14:29,11.6,1.75,1.81,Norte,39.0,BILLETERA DIGITAL
VJ001727,patineta,2025-06-27,19:24,15.9,3.18,2.22,Centro ,29.0,TARJETA
VJ001920,PATINETA,2025-08-14,11:43,16.3,2.94,2.65,sur,28.0,Billetera Digital
VJ002038,Bicicleta,2025-07-04,06:07,31.1,4.25,3.92,Norte,27.0,EFECTIVO
VJ001933,patineta,2025-08-11,06:02,18.4,3.46,2.77,CENTRO,32.0,efectivo
VJ001043,Bicicleta,2025-07-08,19:34,8.7,1.41,1.46,sur,29.0,Billetera digital
VJ001094,PATINETA,2025-08-26,09:27,8.8,1.91,2.3,CENTRO,42.0,EFECTIVO
VJ001075,bicicleta,2025-08-14,13:59,20.3,4.64,2.74,Samborondón,18.0,tarjeta
VJ000509,patineta,2025-07-22,18:58,17.5,3.12,2.78,CENTRO,31.0,tarjeta
VJ002041, Bicicleta,2025-07-15,08:25,18.0,2.48,2.29,samborondon,36.0,efectivo
VJ001952,Patineta,2025-08-16,09:03,16.5,3.5,2.32,Centro,,Billetera digital
VJ002446,Patineta,2025-07-23,21:53,15.0,2.69,2.68,norte,36.0,Billetera Digital
VJ002257,BICICLETA,2025-08-24,23:00,15.6,2.95,,Centro,42.0,efectivo
VJ002548,patineta,2025-08-04,15:03,26.6,4.04,3.59,CENTRO,34.0,Billetera digital
VJ000875,patineta,2025-08-15,18:40,10.0,2.11,1.5, Norte,16.0,Billetera digital
VJ000279,PATINETA,2025-08-09,12:04,11.1,2.26,2.02,sur,40.0,Billetera Digital
VJ001562,bicicleta,2025-07-17,13:02,25.1,4.36,3.26,,26.0,Billetera Digital
VJ002445,Scooter,2025-06-11,07:04,18.4,3.78,3.0,samborondon,27.0,Tarjeta
VJ001841,Patineta,2025-08-24,13:49,8.4,1.7,,Norte,31.0,tarjeta
VJ000136, Patineta,2025-07-08,22:39,13.8,2.42,2.53,Norte,20.0,Efectivo
VJ002953, Patineta,2025-08-14,07:32,198.5,2.94,2.92,Sur,28.0,Tarjeta
VJ002909, Bicicleta,2025-08-02,08:32,2.4,0.52,,NORTE,24.0,Tarjeta
VJ002978,patineta,2025-08-10,07:32,23.9,3.29,,Samborondón,32.0,tarjeta
VJ002274,Bici,2025-08-29,16:46,10.1,1.97,1.66,CENTRO,34.0,TARJETA
VJ002309,Bicicleta,2025-06-17,18:22,15.4,3.7,2.57,samborondon,24.0,tarjeta
VJ002464,BICICLETA,2025-06-13,05:13,8.1,1.89,1.44,NORTE,30.0,efectivo
VJ001683,Patineta,2025-06-29,22:43,16.3,2.66,2.36,CENTRO,22.0,Tarjeta
VJ001176, Bicicleta,2025-06-05,14:17,14.9,3.06,2.67,SUR,27.0,Billetera Digital
VJ001744, Bicicleta,2025-06-06,23:59,276.3,0.78,0.87,centro,21.0,tarjeta
VJ001237,Bici,2025-07-26,07:40,4.1,0.75,0.53,Samborondon,32.0,EFECTIVO
VJ001480,Bici,2025-06-27,19:44,1.0,0.1,0.59,Norte,27.0,tarjeta
VJ001297,PATINETA,2025-07-16,13:50,12.9,2.61,2.28,Norte,32.0,TARJETA
VJ001866,patineta,2025-08-25,20:34,8.5,1.74,1.52,sur,95.0,BILLETERA DIGITAL
VJ001011,patineta,2025-06-03,07:34,17.3,4.05,2.42,CENTRO,36.0,efectivo
VJ002708, Bicicleta,2025-07-27,11:59,11.5,2.59,,CENTRO,22.0,Billetera digital
VJ000688,Scooter,2025-08-18,08:02,12.1,2.2,82.39,Samborondon,28.0,Tarjeta
VJ002143,PATINETA,2025-08-20,12:19,14.3,2.59,2.36,Centro,21.0,EFECTIVO
VJ002213,PATINETA,2025-06-17,18:33,6.9,1.55,1.35,SUR,36.0,efectivo
VJ002589,Bicicleta,2025-08-02,21:38,6.5,1.71,1.17,SAMBORONDON,33.0,tarjeta
VJ002689,patineta,2025-08-27,13:53,24.6,4.23,3.47,centro,34.0,tarjeta
VJ001420,Bicicleta,2025-06-26,03:49,8.1,1.54,1.09,SAMBORONDON,33.0,TARJETA
VJ002501,BICICLETA,2025-06-17,19:22,21.5,4.23,2.69,SAMBORONDON,20.0,tarjeta
VJ000650, Patineta,2025-07-12,13:14,26.1,3.54,3.46,centro,20.0,Efectivo
VJ001489,Bicicleta,2025-06-24,12:28,7.1,1.52,0.88,,31.0,BILLETERA DIGITAL
VJ002517,Patineta,2025-06-20,17:12,5.2,1.08,0.87,Samborondon,33.0,billetera digital
VJ000335,Bici,2025-07-26,04:19,9.0,2.27,1.39,Sur,23.0,
VJ001396,PATINETA,2025-06-10,08:54,16.1,2.49,2.46,CENTRO,44.0,Billetera digital
VJ000718,BICICLETA,2025-06-12,16:37,19.0,3.02,3.06,NORTE,36.0,Tarjeta
VJ001604,Bici,2025-06-02,16:01,22.4,3.73,2.68, Norte,40.0,tarjeta
VJ001779,PATINETA,2025-08-25,18:57,17.7,2.43,2.49,SAMBORONDON,29.0,efectivo
VJ001499,PATINETA,2025-08-11,19:31,14.5,-2.0,2.45,CENTRO,,
VJ000592,Bicicleta,2025-06-18,18:24,9.9,2.52,1.74,samborondon,38.0,TARJETA
VJ002593,Bici,2025-08-17,05:40,18.5,2.63,3.01,SUR,,tarjeta
VJ001956,Scooter,2025-08-25,14:58,1.9,0.46,0.41,NORTE,19.0,Billetera Digital
VJ002893,Patineta,2025-08-14,20:19,3.7,0.83,0.98,centro,29.0,BILLETERA DIGITAL
VJ001657,Bicicleta,2025-08-02,11:42,3.4,0.59,0.87,sur,16.0,tarjeta
VJ001848,Scooter,2025-06-13,07:20,21.5,3.34,2.89,Centro ,30.0,BILLETERA DIGITAL
VJ002126,Patineta,2025-07-25,19:40,5.8,1.25,1.09,SUR,40.0,Tarjeta
VJ000921, Bicicleta,2025-08-10,17:43,1.0,0.1,0.57,Centro ,38.0,TARJETA
VJ001557,Bici,2025-08-05,06:21,6.0,1.44,1.09,CENTRO,35.0,TARJETA
VJ000873,Patineta,2025-08-07,18:41,1.0,0.1,0.32,centro,33.0,Billetera Digital
VJ001718,patineta,2025-08-05,22:29,1.0,0.1,0.77,Centro ,33.0,billetera digital
VJ000745,Bicicleta,2025-06-15,11:23,22.9,4.26,3.46,Centro,24.0,TARJETA
VJ003000,Scooter,2025-07-07,06:41,15.1,3.83,2.34,sur,24.0,efectivo
VJ000917,PATINETA,2025-06-13,10:41,11.9,2.32,1.92,CENTRO,22.0,BILLETERA DIGITAL
VJ000349,Patineta,2025-08-16,11:12,23.1,3.66,3.39, Norte,18.0,TARJETA
VJ000283,Scooter,2025-07-09,15:27,392.3,2.06,1.42,CENTRO,41.0,
VJ000469,BICICLETA,2025-08-22,17:44,18.3,2.74,2.56,Centro,5.0,
VJ000549,PATINETA,2025-06-06,18:23,14.7,3.37,2.5,Centro,34.0,BILLETERA DIGITAL
VJ000176,Patineta,2025-07-06,21:54,15.5,2.27,2.42,Sur,47.0,Billetera digital
VJ001214, Patineta,2025-06-21,01:37,10.2,2.68,1.72,sur,34.0,tarjeta
VJ000644,Bici,2025-08-06,06:00,15.6,2.51,2.59,CENTRO,26.0,TARJETA
VJ002616,Bicicleta,2025-06-19,13:12,23.4,3.98,3.01,Centro,28.0,billetera digital
VJ001884,Bicicleta,2025-06-10,13:36,19.2,3.91,,norte,18.0,tarjeta
VJ002176,Bicicleta,2025-08-31,12:41,19.1,3.14,3.06,SAMBORONDON,,TARJETA
VJ002440,BICICLETA,2025-07-20,16:54,25.6,4.47,3.03,Norte,37.0,EFECTIVO
VJ000665,Bicicleta,2025-06-24,13:18,22.6,4.27,3.61,Sur,26.0,Tarjeta
VJ000979, Patineta,2025-08-05,14:25,21.6,3.41,3.03,SAMBORONDON,20.0,Tarjeta
VJ000496,BICICLETA,2025-06-21,14:03,4.5,1.03,1.27,norte,18.0,TARJETA
VJ000506,bicicleta,2025-08-15,07:42,26.9,4.52,3.79,Samborondon,16.0,Tarjeta
VJ002433,BICICLETA,2025-06-08,00:51,10.7,2.14,1.99,Samborondon,37.0,billetera digital
VJ002910, Bicicleta,2025-08-28,08:36,13.3,3.53,2.08, Norte,26.0,Tarjeta
VJ001764,Scooter,2025-06-13,08:03,293.6,0.0,3.86,SUR,30.0,Billetera digital
VJ001968,BICICLETA,2025-06-18,00:43,8.1,1.73,1.54,sur,17.0,tarjeta
VJ002462,Bicicleta,2025-08-12,14:13,20.0,4.45,2.89,SAMBORONDON,25.0,Billetera digital
VJ000011,Bici,2025-08-04,10:35,16.8,2.26,2.9,CENTRO,22.0,Billetera digital
VJ001267,patineta,2025-07-29,06:42,18.3,4.5,2.13,NORTE,,
VJ002760,PATINETA,2025-06-29,16:46,7.9,1.82,1.4,Samborondon,47.0,Billetera digital
VJ000230, Bicicleta,2025-08-10,06:21,8.2,1.39,1.47,Centro,27.0,BILLETERA DIGITAL
VJ000789,BICICLETA,2025-07-28,13:15,1.0,0.1,0.3,centro,36.0,Billetera Digital
VJ002232,Patineta,2025-08-24,16:36,15.4,2.59,1.9,centro,31.0,TARJETA
VJ000432,Bicicleta,2025-07-23,19:51,13.0,2.58,1.67,Centro ,20.0,TARJETA
VJ001857,Scooter,2025-07-20,15:33,19.9,2.72,3.2, Norte,31.0,tarjeta
VJ002331,bicicleta,2025-07-09,03:10,18.9,3.95,3.18,NORTE,,BILLETERA DIGITAL
VJ000571, Bicicleta,2025-08-01,18:12,10.4,2.67,1.07,Norte,41.0,TARJETA
VJ000627,Scooter,2025-08-31,11:46,14.8,2.54,,,46.0,tarjeta
VJ002577,Bicicleta,2025-07-28,11:18,12.4,2.39,1.76,CENTRO,22.0,efectivo
VJ000054,Scooter,2025-08-06,08:38,10.2,2.6,1.86,Centro ,32.0,Tarjeta
VJ000796,bicicleta,2025-06-05,13:36,-5.0,0.1,0.75,Samborondón,35.0,tarjeta
VJ002794,Bici,2025-06-20,10:25,13.3,1.8,2.24,Centro,53.0,efectivo
VJ000909,bicicleta,2025-06-09,09:31,16.9,2.44,2.35,samborondon,19.0,billetera digital
VJ000147, Bicicleta,2025-06-23,17:49,11.2,2.87,2.4,Centro,28.0,Billetera Digital
VJ001424,Bici,2025-08-17,07:08,10.4,2.35,1.73,Samborondon,30.0,EFECTIVO
VJ002895, Patineta,2025-06-14,23:32,28.3,4.81,3.69,CENTRO,25.0,tarjeta
VJ001614,Bicicleta,2025-08-10,18:23,27.2,4.99,3.24,SUR,,BILLETERA DIGITAL
VJ002378, Bicicleta,2025-08-01,07:55,8.8,1.92,1.55,sur,31.0,EFECTIVO
VJ000306,Bici,2025-08-08,12:00,17.4,3.1,2.93,SUR,30.0,Tarjeta
VJ001253,PATINETA,2025-06-17,19:21,29.6,4.99,3.7,NORTE,43.0,billetera digital
VJ001989,Bicicleta,2025-07-14,18:23,21.7,2.93,3.24,CENTRO,20.0,Tarjeta
VJ001418,Patineta,2025-08-22,06:56,13.9,-0.5,2.19,Norte,,TARJETA
VJ002975,bicicleta,2025-08-15,07:09,18.1,3.0,2.38,Samborondón,34.0,Billetera digital
VJ001085,Bicicleta,2025-06-23,18:12,3.9,1.01,1.21,NORTE,39.0,TARJETA
VJ001938,Bici,2025-07-30,14:09,1.2,0.27,0.3,Centro,16.0,Efectivo
VJ002488, Bicicleta,2025-07-02,00:51,3.8,0.7,0.98,Centro,26.0,EFECTIVO
VJ001432,BICICLETA,2025-08-15,17:50,7.4,1.79,1.09,samborondon,25.0,Billetera Digital
VJ000653, Patineta,2025-06-03,16:02,15.8,3.22,1.98,centro,24.0,Efectivo
VJ000229,Bicicleta,2025-07-27,20:20,15.7,2.5,2.54,Samborondon,25.0,efectivo
VJ000232,Scooter,2025-07-24,15:03,7.9,1.75,1.19,samborondon,32.0,Tarjeta
VJ002354,PATINETA,2025-07-08,19:43,17.0,2.31,2.36,Sur,25.0,
VJ002761,patineta,2025-08-05,12:25,8.6,1.55,1.23,Centro ,30.0,EFECTIVO
VJ001298, Patineta,2025-07-09,21:38,13.2,2.64,2.82,Samborondon,16.0,Efectivo
VJ000325,Bicicleta,2025-08-17,13:55,22.8,3.17,3.11,Centro,34.0,Tarjeta
VJ000456,BICICLETA,2025-06-28,16:42,15.6,3.14,2.44,,31.0,Efectivo
VJ001313, Patineta,2025-07-18,07:56,8.9,1.45,1.9,Centro ,95.0,efectivo
VJ002337,Bici,2025-06-19,18:44,2.2,0.56,0.59,Centro ,16.0,TARJETA
VJ002883,bicicleta,2025-06-12,15:08,18.1,2.63,2.6,samborondon,29.0,TARJETA
VJ002335,Bici,2025-07-17,23:06,30.9,4.6,4.3,CENTRO,27.0,Tarjeta
VJ000642,Patineta,2025-07-20,07:57,5.4,1.36,183.13,sur,,EFECTIVO
VJ002031,BICICLETA,2025-06-25,14:12,15.4,3.06,2.29,Centro ,28.0,billetera digital
VJ001993,Bicicleta,2025-06-25,08:05,1.7,0.29,0.58,CENTRO,27.0,TARJETA
VJ002917,PATINETA,2025-07-04,18:42,10.4,1.48,1.99,CENTRO,25.0,TARJETA
VJ002660,Patineta,2025-07-24,00:19,11.9,2.15,1.77,sur,25.0,Tarjeta
VJ001021, Patineta,2025-07-15,19:48,7.5,1.26,,Centro ,,TARJETA
VJ000612,Bicicleta,2025-08-15,18:07,12.3,2.63,, Norte,19.0,tarjeta
VJ001238, Patineta,2025-08-08,07:49,17.4,3.21,2.36, Norte,21.0,Efectivo
VJ000419, Bicicleta,2025-06-24,14:41,14.2,3.75,2.08,Samborondon,32.0,TARJETA
VJ002033,bicicleta,2025-08-25,13:36,13.2,2.68,1.75,CENTRO,27.0,TARJETA
VJ002373,Scooter,2025-07-01,16:12,18.1,4.21,2.39,norte,40.0,tarjeta
VJ002649, Patineta,2025-07-19,20:07,2.8,0.64,0.52,Samborondon,30.0,Billetera digital
VJ001555,BICICLETA,2025-06-15,07:24,348.1,1.4,1.53,norte,26.0,tarjeta
VJ000887,PATINETA,2025-06-04,16:57,10.5,1.63,1.39,samborondon,17.0,efectivo
VJ002559,bicicleta,2025-06-06,18:14,27.8,4.12,3.91, Norte,30.0,tarjeta
VJ001670,Patineta,2025-08-07,18:03,2.7,0.47,0.9,centro,41.0,TARJETA
VJ000396,Bici,2025-08-31,14:10,25.1,3.45,3.52,Sur,27.0,Billetera Digital
VJ001926,Patineta,2025-07-21,21:45,6.4,1.65,1.19,Samborondón,43.0,tarjeta
VJ002923,Bici,2025-06-09,11:52,11.6,2.31,1.81,Sur,26.0,efectivo
VJ000204, Bicicleta,2025-08-26,12:56,6.2,1.36,1.45,SUR,27.0,Efectivo
VJ000095,bicicleta,2025-07-08,06:05,8.1,1.64,1.58,,36.0,tarjeta
VJ002224,BICICLETA,2025-08-25,12:36,10.6,1.87,,Norte,42.0,Billetera Digital
VJ002964,Bicicleta,2025-06-20,23:17,5.9,1.16,0.86,centro,28.0,Tarjeta
VJ001471,Bicicleta,2025-06-23,16:18,0.0,4.21,,Norte,21.0,Tarjeta
VJ001182,bicicleta,2025-08-16,13:58,11.7,2.14,1.78,Samborondón,19.0,Tarjeta
VJ001986,Bicicleta,2025-08-19,17:50,26.8,4.79,3.33,Centro,25.0,TARJETA
VJ001955,Bicicleta,2025-08-27,15:46,19.2,4.7,,Centro,36.0,efectivo
VJ002618, Bicicleta,2025-08-25,06:21,8.3,1.91,1.42,,,TARJETA
VJ001275,Bici,2025-07-17,19:25,14.8,2.74,1.93,sur,32.0,Billetera digital
VJ001698, Patineta,2025-08-17,19:18,13.7,2.86,2.23,Sur,29.0,tarjeta
VJ001443,PATINETA,2025-06-28,22:09,14.6,2.57,2.41, Norte,,Tarjeta
VJ001944,Bicicleta,2025-07-30,20:10,-1.2,3.45,2.93,SAMBORONDON,5.0,Billetera digital
VJ001703,bicicleta,2025-07-18,06:16,10.3,1.9,,Samborondon,16.0,tarjeta
VJ001875,Patineta,2025-07-24,19:44,15.3,2.49,2.43,Centro,27.0,Tarjeta
VJ000600,bicicleta,2025-08-12,18:34,350.5,1.19,1.19,SUR,23.0,Billetera digital
VJ002459, Bicicleta,2025-08-11,21:04,10.2,1.76,1.96,samborondon,30.0,TARJETA
VJ002529,Scooter,2025-07-09,11:05,21.8,3.39,3.64, Norte,36.0,Tarjeta
VJ001555,BICICLETA,2025-06-15,07:24,348.1,1.4,1.53,norte,26.0,tarjeta
VJ000871, Bicicleta,2025-08-16,19:58,7.2,1.78,1.22,Sur,47.0,billetera digital
VJ002177,patineta,2025-08-21,19:21,28.5,3.87,3.43,samborondon,31.0,tarjeta
VJ002788,Patineta,2025-08-28,09:51,10.7,1.47,1.3,Centro ,29.0,efectivo
VJ000899,Scooter,2025-08-12,00:14,1.0,0.1,1.04,Samborondon,27.0,TARJETA
VJ000763, Patineta,2025-07-18,13:48,15.9,2.51,2.4,Norte,28.0,TARJETA
VJ001036,PATINETA,2025-06-30,11:17,10.7,2.46,1.5,CENTRO,37.0,Tarjeta
VJ001067,patineta,2025-07-01,18:52,12.3,2.07,2.56,Centro,25.0,efectivo
VJ001394,BICICLETA,2025-06-04,21:40,7.1,1.74,1.68,,25.0,billetera digital
VJ001102,bicicleta,2025-07-26,12:42,17.5,3.02,2.37,centro,,tarjeta
VJ000058,Patineta,2025-07-10,20:45,10.7,2.47,2.41,Sur,28.0,TARJETA
VJ000098,Bici,2025-07-23,20:19,11.6,2.83,,Norte,32.0,TARJETA
VJ002606,Bici,2025-07-16,21:03,11.4,2.96,1.55, Norte,28.0,tarjeta
VJ002003,Bici,2025-06-09,19:42,9.2,2.0,1.66,Centro ,29.0,Tarjeta
VJ001031, Bicicleta,2025-07-25,18:03,6.8,1.76,1.67,centro,33.0,Billetera digital
VJ000779,Bicicleta,2025-06-30,07:59,23.0,3.93,3.08,NORTE,35.0,Tarjeta
VJ002534,BICICLETA,2025-07-30,10:24,11.1,2.29,1.44,NORTE,28.0,tarjeta
VJ002900,patineta,2025-06-30,12:59,17.9,3.29,2.58,Samborondón,16.0,billetera digital
VJ001448,patineta,2025-07-24,13:25,15.3,3.75,2.54,norte,,Tarjeta
VJ001847,PATINETA,2025-08-19,12:07,10.3,2.23,1.73,Centro ,29.0,efectivo
VJ001818,Patineta,2025-07-03,07:54,14.2,2.94,2.15,Norte,26.0,EFECTIVO
VJ000537, Bicicleta,2025-08-28,05:08,10.0,2.28,1.48,NORTE,34.0,Tarjeta
VJ002978,patineta,2025-08-10,07:32,23.9,3.29,,Samborondón,32.0,tarjeta
VJ000536,Patineta,2025-07-11,23:44,10.6,2.81,1.7,norte,26.0,tarjeta
VJ002053, Bicicleta,2025-08-06,19:28,10.9,2.12,1.38,norte,42.0,tarjeta
VJ001667,Patineta,2025-06-03,19:47,17.5,4.07,2.87,Centro ,41.0,Billetera digital
VJ001473,BICICLETA,2025-07-14,12:55,12.0,2.27,2.16,NORTE,27.0,TARJETA
VJ002049,Scooter,2025-08-14,08:49,15.3,2.21,2.52,CENTRO,39.0,tarjeta
VJ002229,bicicleta,2025-06-17,20:01,16.0,3.03,128.18,centro,40.0,Billetera digital
VJ002694,patineta,2025-07-24,20:07,19.3,3.75,2.59,Centro ,19.0,Billetera digital
VJ000150,bicicleta,2025-07-29,22:32,9.8,1.36,1.48,Centro,37.0,efectivo
VJ000014,bicicleta,2025-07-05,12:06,360.0,1.27,1.56,,43.0,TARJETA
VJ002988,BICICLETA,2025-07-28,07:52,23.0,3.18,3.13,Centro ,39.0,efectivo
VJ002655, Bicicleta,2025-06-24,20:58,14.2,3.64,1.79,centro,,Efectivo
VJ002051, Bicicleta,2025-07-18,08:21,9.7,1.92,,NORTE,33.0,Tarjeta
VJ001154, Bicicleta,2025-08-28,18:49,13.6,3.23,1.86,,30.0,tarjeta
VJ001044,patineta,2025-08-22,08:15,25.1,4.62,3.44, Norte,24.0,billetera digital
VJ000692,Bicicleta,2025-06-25,07:09,41.9,6.39,6.06,samborondon,30.0,Tarjeta
VJ002558,Scooter,2025-08-10,08:04,8.6,1.82,1.91,NORTE,,
VJ001902,Patineta,2025-07-20,14:46,7.6,1.75,1.41,Centro,28.0,tarjeta
VJ001794,Bici,2025-08-18,12:56,23.6,3.2,3.45,Centro,30.0,EFECTIVO
VJ000528, Patineta,2025-06-16,13:19,324.9,5.49,3.96,Centro,38.0,TARJETA
VJ001668,BICICLETA,2025-08-27,12:53,11.1,2.34,1.74,norte,35.0,Tarjeta
VJ001976,bicicleta,2025-06-01,16:48,9.9,2.57,1.68,samborondon,,TARJETA
VJ002060, Patineta,2025-06-07,19:05,5.5,1.04,1.13,Centro ,29.0,Billetera Digital
VJ002122,Patineta,2025-08-06,17:45,16.1,3.03,2.37, Norte,30.0,Billetera digital
VJ000943,bicicleta,2025-07-03,08:25,16.6,3.52,1.93,Norte,23.0,efectivo
VJ001227,bicicleta,2025-06-28,08:10,12.5,3.31,1.98,Samborondón,39.0,efectivo
VJ000819,bicicleta,2025-08-10,13:05,5.3,1.16,0.93,Centro ,35.0,EFECTIVO
VJ000504, Patineta,2025-06-16,08:58,6.7,1.72,1.56,centro,33.0,TARJETA
VJ001133,Bici,2025-07-21,08:01,1.2,0.21,0.61,Norte,36.0,billetera digital
VJ000428,patineta,2025-07-13,07:46,32.1,4.58,3.75,Sur,,Efectivo
VJ002030,Bici,2025-07-18,11:49,14.7,3.38,2.15,SAMBORONDON,45.0,Billetera digital
VJ001713,bicicleta,2025-07-30,14:06,12.0,3.05,1.7, Norte,,Billetera digital
VJ001025,Scooter,2025-06-20,05:27,-5.0,0.99,1.24,Norte,27.0,TARJETA
VJ000053,bicicleta,2025-06-07,04:12,1.7,0.43,0.39,,29.0,TARJETA
VJ001400,Scooter,2025-08-20,06:42,12.3,2.4,1.93,centro,40.0,billetera digital
VJ002509,Bici,2025-06-30,00:35,19.0,3.9,3.21,centro,27.0,TARJETA
VJ002113,PATINETA,2025-08-21,16:02,370.9,4.8,2.87,Sur,34.0,EFECTIVO
VJ000719,patineta,2025-07-10,05:49,8.6,1.39,1.34,Samborondon,19.0,tarjeta
VJ000619,Bici,2025-06-07,06:34,22.1,4.39,3.43,Sur,30.0,Efectivo
VJ002594,bicicleta,2025-06-06,14:25,11.6,2.81,1.9,Centro,40.0,Billetera Digital
VJ000603, Patineta,2025-07-20,12:52,195.8,3.35,3.05,,19.0,TARJETA
VJ002344, Patineta,2025-07-08,06:37,1.0,0.1,0.38,NORTE,31.0,Billetera Digital
VJ000363,PATINETA,2025-07-26,14:15,8.1,1.96,1.6,Centro ,43.0,TARJETA
VJ002392,bicicleta,2025-06-26,19:02,13.3,3.2,2.28,samborondon,37.0,Efectivo
VJ002576,BICICLETA,2025-08-13,13:09,3.1,0.76,124.25,Centro,31.0,Tarjeta
VJ002187,Patineta,2025-07-23,18:16,1.0,0.1,0.71,Samborondon,42.0,tarjeta
VJ001606, Bicicleta,2025-08-28,07:14,22.5,4.43,3.52,NORTE,,tarjeta
VJ002737,BICICLETA,2025-06-29,18:00,7.4,1.41,1.39,centro,47.0,EFECTIVO
VJ001895,BICICLETA,2025-07-01,21:43,15.0,2.96,2.34,Centro ,32.0,
VJ002896,PATINETA,2025-08-16,14:32,14.9,3.67,2.51,CENTRO,,Billetera Digital
VJ001603,BICICLETA,2025-08-14,19:50,17.0,3.12,1.97,norte,47.0,Tarjeta
VJ002203,Bici,2025-08-18,14:24,14.3,2.57,2.12,centro,30.0,BILLETERA DIGITAL
VJ001636,Bici,2025-07-16,07:06,20.0,2.72,3.19,samborondon,23.0,TARJETA
VJ000355,patineta,2025-08-03,17:24,12.8,3.28,2.2,Centro ,,Efectivo
VJ001234,Bici,2025-08-18,08:07,12.4,2.69,2.25,sur,29.0,TARJETA
VJ000918,patineta,2025-08-30,13:26,6.8,1.16,1.36, Norte,40.0,Billetera digital
VJ001498,bicicleta,2025-07-17,21:13,10.2,2.45,1.54,Centro ,32.0,Tarjeta
VJ000464,Bicicleta,2025-07-10,12:50,16.0,3.83,2.84,centro,22.0,TARJETA
VJ001502, Bicicleta,2025-07-28,09:25,9.2,1.35,2.02,Centro,37.0,efectivo
VJ002710,BICICLETA,2025-07-09,18:17,15.6,3.46,2.44,samborondon,27.0,Efectivo
VJ000888,bicicleta,2025-06-30,18:04,10.6,1.74,1.56,Centro,23.0,Efectivo
VJ001009,patineta,2025-07-07,12:14,15.5,3.13,2.28,CENTRO,28.0,Tarjeta
VJ002579,patineta,2025-06-17,06:45,5.7,1.3,1.27,Sur,35.0,TARJETA
VJ001923,PATINETA,2025-06-16,05:12,12.1,2.46,2.14,Sur,31.0,tarjeta
VJ001483,PATINETA,2025-06-14,17:47,10.0,2.21,1.99, Norte,17.0,Efectivo
VJ002730,BICICLETA,2025-07-29,14:29,6.8,1.69,1.93,CENTRO,35.0,EFECTIVO
VJ000710,BICICLETA,2025-07-17,19:52,15.9,4.13,2.42,NORTE,27.0,BILLETERA DIGITAL
VJ002564, Patineta,2025-08-15,12:24,1.0,0.1,0.66,NORTE,26.0,efectivo
VJ002739, Bicicleta,2025-06-07,08:59,3.2,0.84,0.94,centro,39.0,Tarjeta
VJ000864, Patineta,2025-07-12,14:43,6.9,1.5,1.54,CENTRO,23.0,tarjeta
VJ000883,bicicleta,2025-06-04,00:09,9.7,-2.0,1.82,centro,16.0,tarjeta
VJ001829,Scooter,2025-07-21,13:55,17.7,2.87,2.41, Norte,23.0,EFECTIVO
VJ001497,Bici,2025-07-22,12:57,16.8,4.35,2.34,Samborondon,36.0,Billetera digital
VJ000646,Scooter,2025-06-04,19:11,6.9,1.19,1.51,Sur,39.0,tarjeta
VJ002513,Patineta,2025-08-08,16:14,13.6,2.81,2.04,CENTRO,,Billetera Digital
VJ001521,BICICLETA,2025-08-18,13:34,9.8,-0.5,1.37,norte,27.0,efectivo
VJ000458,PATINETA,2025-06-15,17:32,9.5,2.0,1.24,Centro,30.0,efectivo
VJ001217,Scooter,2025-07-04,23:10,1.0,0.18,0.3,NORTE,31.0,EFECTIVO
VJ000298,PATINETA,2025-07-17,00:40,18.5,4.65,2.59,Sur,38.0,TARJETA
VJ000456,BICICLETA,2025-06-28,16:42,15.6,3.14,2.44,,31.0,Efectivo
VJ001021, Patineta,2025-07-15,19:48,7.5,1.26,,Centro ,,TARJETA
VJ002765,Bicicleta,2025-08-07,06:25,15.7,2.12,2.72,Sur,34.0,Billetera Digital
VJ000158, Bicicleta,2025-07-25,20:23,6.5,1.66,1.82,Centro ,37.0,tarjeta
VJ000130,BICICLETA,2025-07-31,19:03,7.5,1.52,1.58,Centro ,34.0,tarjeta
VJ000748,Bicicleta,2025-08-09,19:56,7.8,1.57,1.36,norte,33.0,Tarjeta
VJ002163,Bicicleta,2025-08-06,23:33,30.3,4.53,4.11,Samborondón,25.0,tarjeta
VJ002635, Patineta,2025-08-07,07:57,15.2,3.87,2.61,centro,21.0,efectivo
VJ002983,patineta,2025-07-15,13:50,5.3,1.36,1.09,Sur,29.0,Tarjeta
VJ000109,Patineta,2025-07-31,05:28,7.5,1.96,1.01,CENTRO,29.0,efectivo
VJ002216,Bici,2025-07-04,07:19,13.2,1.77,179.44,Centro ,25.0,Efectivo
VJ002758,Bicicleta,2025-07-26,16:38,11.3,2.48,,centro,38.0,efectivo
VJ002585,BICICLETA,2025-08-04,22:38,14.6,2.4,2.32, Norte,16.0,Tarjeta
VJ000303,Scooter,2025-07-27,09:02,9.9,2.2,1.66,SUR,26.0,Tarjeta
VJ001863,Scooter,2025-08-15,06:20,12.4,2.65,1.87,CENTRO,42.0,billetera digital
VJ002141, Bicicleta,2025-06-27,13:39,7.4,1.96,1.33,Norte,24.0,TARJETA
VJ000166,Scooter,2025-08-16,18:42,17.3,2.68,2.43,samborondon,37.0,tarjeta
VJ001567,Scooter,2025-06-07,23:00,1.0,0.26,0.42,Centro,37.0,BILLETERA DIGITAL
VJ001717, Bicicleta,2025-08-15,20:16,14.4,2.34,1.98,Centro,27.0,EFECTIVO
VJ000264,PATINETA,2025-08-06,18:40,23.5,3.61,3.35,Centro,32.0,Billetera digital
VJ001583,BICICLETA,2025-07-25,19:02,15.0,2.94,2.59,centro,22.0,BILLETERA DIGITAL
VJ001672,Bicicleta,2025-08-05,01:33,4.1,0.82,0.95,CENTRO,26.0,EFECTIVO
VJ000042,Bicicleta,2025-07-13,13:50,9.9,-2.0,1.94,norte,21.0,TARJETA
VJ002086,bicicleta,2025-06-03,03:31,16.0,3.0,2.33,SAMBORONDON,25.0,Tarjeta
VJ002208,Bicicleta,2025-08-13,04:36,10.1,2.3,2.24,CENTRO,33.0,Tarjeta
VJ002815,BICICLETA,2025-07-01,06:41,8.3,1.26,1.13,Centro ,110.0,tarjeta
VJ001390, Patineta,2025-07-07,03:26,9.0,1.77,1.89,Norte,21.0,Tarjeta
VJ001719, Bicicleta,2025-06-13,16:18,8.9,1.77,1.25,sur,26.0,efectivo
VJ002116,Bicicleta,2025-07-12,08:46,13.5,2.08,2.24,centro,41.0,efectivo
VJ001558,Patineta,2025-07-19,06:09,16.4,3.61,2.8,CENTRO,23.0,Billetera Digital
VJ000886,PATINETA,2025-08-16,09:51,1.9,0.35,0.99,Samborondón,26.0,Billetera Digital
VJ000445,Bici,2025-07-23,22:49,17.1,3.11,2.66, Norte,26.0,Billetera Digital
VJ001919, Patineta,2025-08-23,07:15,10.8,1.96,1.98, Norte,22.0,Billetera Digital
VJ000558, Bicicleta,2025-07-19,14:27,11.1,2.46,1.57,samborondon,29.0,efectivo
VJ001850,Scooter,2025-06-12,23:05,35.5,5.22,4.95,Samborondon,43.0,BILLETERA DIGITAL
VJ002930,BICICLETA,2025-08-05,20:03,2.6,0.48,1.03,Centro ,39.0,efectivo
VJ001899,Bici,2025-08-10,09:13,8.6,2.1,1.25,sur,34.0,efectivo
VJ001183,Patineta,2025-06-18,06:24,-1.2,2.9,2.3,,25.0,billetera digital
VJ000656,Scooter,2025-08-03,18:53,13.3,3.02,1.9,Centro,24.0,Tarjeta
VJ001356, Patineta,2025-08-22,10:21,19.6,3.48,2.76,Sur,31.0,efectivo
VJ001563,Bicicleta,2025-08-08,21:23,17.7,4.58,2.41,Samborondón,37.0,TARJETA
VJ002365,patineta,2025-07-11,20:36,9.2,2.15,2.12,Samborondón,36.0,BILLETERA DIGITAL
VJ002922,PATINETA,2025-07-29,19:18,3.7,0.81,1.04,Sur,17.0,TARJETA
VJ002625,Scooter,2025-07-17,07:00,26.9,3.7,,Samborondon,36.0,Billetera digital
VJ001943,Patineta,2025-07-30,13:17,14.8,2.34,1.41,centro,16.0,efectivo
VJ001850,Scooter,2025-06-12,23:05,35.5,5.22,4.95,Samborondon,43.0,BILLETERA DIGITAL
VJ002959,Patineta,2025-06-16,12:13,11.9,3.0,2.0,Centro,24.0,EFECTIVO
VJ001984, Bicicleta,2025-07-25,14:19,28.4,3.98,,CENTRO,43.0,Tarjeta
VJ002156, Patineta,2025-07-13,07:41,9.1,2.17,1.18,,16.0,TARJETA
VJ001986,Bicicleta,2025-08-19,17:50,26.8,4.79,3.33,Centro,25.0,TARJETA
VJ000759,Bicicleta,2025-06-12,11:11,1.0,0.1,,Samborondon,19.0,Efectivo
VJ002512,Scooter,2025-07-01,15:14,16.5,4.26,2.81,NORTE,49.0,tarjeta
VJ002770,patineta,2025-06-28,07:48,9.9,1.92,1.51,CENTRO,36.0,Billetera Digital
VJ002685, Bicicleta,2025-08-25,08:38,20.9,2.83,3.18,samborondon,20.0,TARJETA
VJ001527,Patineta,2025-08-17,18:16,12.9,2.03,,Norte,23.0,Tarjeta
VJ000865,BICICLETA,2025-07-02,00:46,11.4,1.61,1.85,Norte,22.0,EFECTIVO
VJ000287,patineta,2025-07-24,16:12,12.0,3.03,2.26,Centro,39.0,tarjeta
VJ002397,Scooter,2025-07-23,09:22,18.7,3.02,2.31,centro,36.0,billetera digital
VJ000235,bicicleta,2025-06-07,02:14,8.3,1.81,,Centro ,23.0,Billetera Digital
VJ001010,bicicleta,2025-06-30,18:34,10.1,1.67,2.23,Samborondon,16.0,BILLETERA DIGITAL
VJ002617,BICICLETA,2025-08-23,06:14,11.9,2.98,2.12,,39.0,BILLETERA DIGITAL
VJ001738,Bicicleta,2025-06-29,12:35,22.4,3.45,3.11,centro,40.0,tarjeta
VJ002072,Bici,2025-06-07,19:09,11.9,1.96,1.84,CENTRO,37.0,billetera digital
VJ000182, Bicicleta,2025-08-17,21:17,10.3,1.95,1.83,Norte,33.0,BILLETERA DIGITAL
VJ002444, Bicicleta,2025-07-02,13:48,16.3,2.99,2.12,SAMBORONDON,18.0,Billetera Digital
VJ001573,Patineta,2025-07-18,05:54,300.6,2.75,2.05, Norte,20.0,tarjeta
VJ002614,Patineta,2025-08-31,07:50,6.4,0.95,1.38,norte,38.0,EFECTIVO
VJ002288,patineta,2025-06-15,07:16,15.6,3.56,2.69,Centro ,27.0,Tarjeta
VJ000351,PATINETA,2025-08-04,21:46,9.7,2.42,1.82,centro,16.0,Billetera digital
VJ002932,Bici,2025-08-31,07:02,21.1,4.7,3.29,Centro,30.0,efectivo
VJ001606, Bicicleta,2025-08-28,07:14,22.5,4.43,3.52,NORTE,,tarjeta
VJ001712, Bicicleta,2025-07-20,12:15,9.7,1.81,1.39,Sur,16.0,EFECTIVO
VJ000489,bicicleta,2025-08-26,11:10,4.7,0.7,1.0,CENTRO,29.0,BILLETERA DIGITAL
VJ000835,Scooter,2025-08-31,20:33,3.7,0.96,1.07,samborondon,32.0,TARJETA
VJ001834,BICICLETA,2025-06-09,12:09,8.9,2.01,1.4,NORTE,22.0,EFECTIVO
VJ002231,Patineta,2025-06-27,14:41,18.4,2.77,2.36,CENTRO,31.0,tarjeta
VJ001627, Bicicleta,2025-08-03,21:26,10.0,2.51,156.14,CENTRO,18.0,Efectivo
VJ002588,PATINETA,2025-07-28,20:09,12.7,2.68,1.85,NORTE,44.0,Tarjeta
VJ001593,PATINETA,2025-08-15,17:17,16.8,-2.0,2.13,CENTRO,34.0,tarjeta
VJ000190,BICICLETA,2025-08-28,08:48,9.9,2.04,, Norte,30.0,TARJETA
VJ001674,Scooter,2025-08-06,20:49,12.9,2.07,,Centro ,37.0,BILLETERA DIGITAL
VJ001990, Patineta,2025-06-02,03:24,10.3,2.54,1.89,samborondon,46.0,Billetera digital
VJ000852,bicicleta,2025-07-21,07:56,7.8,1.74,1.61,Centro,,Tarjeta
VJ000487,Bici,2025-06-27,14:15,12.0,2.43,1.8,Sur,23.0,tarjeta
VJ002707,Scooter,2025-08-01,08:11,16.4,3.18,,NORTE,23.0,Billetera Digital
VJ000189,PATINETA,2025-06-10,19:25,17.6,4.1,2.61,norte,25.0,tarjeta
VJ001332,PATINETA,2025-06-23,18:48,7.6,1.65,1.29, Norte,37.0,billetera digital
VJ002731,Bicicleta,2025-07-19,11:59,16.4,3.53,2.54,centro,,tarjeta
VJ001733, Bicicleta,2025-08-13,20:24,13.2,2.66,1.82,Centro ,36.0,Tarjeta
VJ002437,Bici,2025-07-15,12:28,22.0,3.82,3.47,sur,17.0,Efectivo
VJ002680, Patineta,2025-06-09,09:44,29.1,5.03,,Centro,31.0,TARJETA
VJ002427,bicicleta,2025-06-08,06:47,15.4,3.02,2.94,Centro ,29.0,TARJETA
VJ001342, Patineta,2025-08-01,17:14,17.2,3.07,2.36,CENTRO,38.0,TARJETA
VJ002951,Scooter,2025-08-15,07:10,24.4,3.29,3.21,NORTE,40.0,Billetera digital
VJ002085,Scooter,2025-08-21,16:59,26.2,3.68,3.64,norte,18.0,tarjeta
VJ000125,patineta,2025-08-19,08:51,17.1,3.21,,CENTRO,38.0,Tarjeta
VJ001439,PATINETA,2025-08-22,18:54,22.8,3.66,3.57,SUR,16.0,Billetera Digital
VJ001600,PATINETA,2025-08-04,08:36,1.2,0.29,0.32,SUR,17.0,Tarjeta
VJ000222,bicicleta,2025-08-20,09:24,4.8,1.17,0.83,Centro ,19.0,billetera digital
VJ002013,Bici,2025-07-11,18:50,10.5,1.63,1.73,Centro ,42.0,efectivo
VJ002426,Bici,2025-08-11,09:39,6.7,1.33,1.02,Centro ,33.0,BILLETERA DIGITAL
VJ002454, Patineta,2025-06-30,07:51,16.8,3.25,2.34,Norte,37.0,efectivo
VJ001515,Patineta,2025-08-21,20:56,15.6,2.93,2.84,centro,29.0,TARJETA
VJ000438,Scooter,2025-06-07,03:56,14.3,2.91,2.57,Centro,43.0,tarjeta
VJ001310,Bici,2025-06-03,13:11,3.4,0.71,1.1,Centro,19.0,tarjeta
VJ002124,patineta,2025-08-19,09:20,28.8,4.35,4.11,Sur,25.0,EFECTIVO
VJ002457,patineta,2025-08-03,20:44,9.2,2.0,1.75,Samborondón,34.0,Billetera digital
VJ002555,BICICLETA,2025-06-27,22:04,10.0,2.58,1.08,CENTRO,36.0,Billetera Digital
VJ001029,bicicleta,2025-06-12,18:43,14.0,2.99,2.56,Centro ,22.0,tarjeta
VJ002428,PATINETA,2025-06-22,19:19,10.0,1.45,1.47,Centro,40.0,Billetera digital
VJ001700,Scooter,2025-07-24,21:50,12.0,3.1,1.82, Norte,38.0,efectivo
VJ001430,Scooter,2025-08-01,09:31,307.7,0.0,1.06, Norte,25.0,Tarjeta
VJ002807,BICICLETA,2025-08-07,11:07,181.4,3.48,2.21,norte,35.0,TARJETA
VJ002380,PATINETA,2025-06-09,17:19,5.5,1.32,,centro,22.0,Billetera digital
VJ001472, Patineta,2025-06-24,21:13,15.5,2.92,2.4,Samborondón,20.0,tarjeta
VJ000624,PATINETA,2025-08-11,16:20,14.2,2.5,1.87,Centro,31.0,Efectivo
VJ001322,Bici,2025-07-19,20:22,11.8,3.09,2.18,CENTRO,25.0,Tarjeta
VJ000360, Bicicleta,2025-07-08,06:50,7.4,1.39,1.36,Samborondón,29.0,Tarjeta
VJ002662,bicicleta,2025-08-30,06:19,9.1,1.49,1.61,NORTE,19.0,efectivo
VJ002667,Bicicleta,2025-07-03,07:32,13.5,2.33,2.06,,30.0,Billetera digital
VJ002036,Scooter,2025-07-26,20:07,24.6,4.41,,SUR,16.0,Billetera digital
VJ001099,PATINETA,2025-07-12,00:40,12.2,2.12,2.24,centro,22.0,Tarjeta
VJ000093, Patineta,2025-07-17,21:48,15.0,3.24,1.97,norte,28.0,TARJETA
VJ000742,bicicleta,2025-08-08,22:59,1.0,0.1,0.3,,26.0,efectivo
VJ001535,PATINETA,2025-06-23,06:55,16.6,3.14,2.73, Norte,33.0,TARJETA
VJ001982,Patineta,2025-08-06,15:00,21.8,3.95,2.58,SUR,36.0,Efectivo
VJ000416,patineta,2025-08-12,07:46,12.2,3.09,2.23,Centro ,20.0,EFECTIVO
VJ000548,PATINETA,2025-07-05,09:50,13.3,3.53,2.59,CENTRO,34.0,BILLETERA DIGITAL
VJ002728,Scooter,2025-07-04,17:17,12.4,-2.0,1.74,Centro ,39.0,billetera digital
VJ001470,Bicicleta,2025-08-03,16:47,10.5,2.78,1.98,samborondon,35.0,billetera digital
VJ002046,Scooter,2025-08-01,18:34,22.2,3.22,2.9,norte,18.0,EFECTIVO
VJ001340,Bici,2025-08-01,18:33,10.5,2.2,1.75,centro,31.0,Efectivo
VJ002754,Bicicleta,2025-06-27,08:43,29.8,4.44,4.65,SUR,44.0,TARJETA
VJ002105,BICICLETA,2025-08-30,13:00,14.3,3.67,2.53,SUR,,
VJ002173,patineta,2025-07-01,00:10,19.6,3.23,3.14,norte,26.0,TARJETA
VJ002527,patineta,2025-06-26,20:14,13.0,2.66,2.35,CENTRO,16.0,efectivo
VJ002778, Bicicleta,2025-06-23,19:58,6.3,1.31,1.13,Norte,29.0,EFECTIVO
VJ002746, Patineta,2025-08-08,14:35,1.0,0.1,0.35,NORTE,17.0,Billetera digital
VJ002939,Bici,2025-07-30,07:19,10.3,2.69,1.6,Centro ,110.0,Efectivo
VJ001056, Bicicleta,2025-06-28,12:36,19.8,3.94,2.36,SUR,42.0,BILLETERA DIGITAL
VJ000963,Scooter,2025-06-21,17:41,18.7,2.83,2.88,Centro ,39.0,Billetera digital
VJ002966,patineta,2025-07-05,12:03,10.0,2.13,1.58,,34.0,EFECTIVO
VJ000371,BICICLETA,2025-07-18,06:07,8.2,1.97,1.79,NORTE,16.0,tarjeta
VJ000545,Bicicleta,2025-06-14,15:33,12.4,2.88,1.85,Norte,16.0,TARJETA
VJ000051,Bici,2025-06-01,14:16,44.5,6.05,5.53, Norte,18.0,tarjeta
VJ001422,BICICLETA,2025-06-15,10:04,6.3,1.48,1.29,SUR,25.0,Efectivo
VJ001947,Bici,2025-06-27,18:56,7.5,1.12,1.05, Norte,36.0,Billetera digital
VJ002630,Patineta,2025-06-29,06:48,16.2,3.0,2.26, Norte,36.0,tarjeta
VJ002723,Bici,2025-06-11,12:53,6.6,1.36,1.59,NORTE,41.0,billetera digital
VJ001128,Scooter,2025-06-20,18:09,18.4,2.68,2.87,centro,23.0,Tarjeta
VJ002646, Bicicleta,2025-07-25,18:54,16.7,3.6,2.09,NORTE,31.0,efectivo
VJ000832,patineta,2025-07-13,17:33,19.5,3.08,2.25,centro,37.0,tarjeta
VJ002695, Bicicleta,2025-07-15,16:57,12.7,2.5,2.4,NORTE,42.0,Billetera digital
VJ002290, Bicicleta,2025-07-10,21:40,6.8,1.4,1.02,Samborondon,27.0,tarjeta
VJ001365,Scooter,2025-06-01,07:23,1.0,0.1,0.94,,36.0,efectivo
VJ001039, Bicicleta,2025-06-24,13:39,14.4,2.57,1.61,Sur,36.0,Tarjeta
VJ000556, Patineta,2025-06-04,11:19,9.7,2.58,1.85,Norte,37.0,Tarjeta
VJ002628, Bicicleta,2025-08-14,03:48,11.1,1.72,1.52,sur,40.0,efectivo
VJ000374,Scooter,2025-07-18,08:09,16.4,3.81,2.64,Samborondón,16.0,efectivo
VJ002413,Bicicleta,2025-06-04,16:20,14.3,2.86,189.17,sur,39.0,tarjeta
VJ002520,bicicleta,2025-07-19,12:02,17.3,2.32,2.19,samborondon,43.0,billetera digital
VJ001574,PATINETA,2025-07-30,17:12,11.7,2.04,1.76,Centro,40.0,tarjeta
VJ001622,bicicleta,2025-08-04,20:25,19.5,3.74,3.06,norte,37.0,EFECTIVO
VJ000177,Bicicleta,2025-06-11,18:17,9.5,1.58,1.66,Centro ,,efectivo
VJ002902,Bicicleta,2025-08-22,19:09,3.8,0.77,1.15,norte,41.0,
VJ000830, Bicicleta,2025-08-11,18:48,21.3,4.33,3.27,centro,22.0,tarjeta
VJ000115,PATINETA,2025-08-05,10:23,1.0,0.1,0.42,Centro ,33.0,billetera digital
VJ000521,BICICLETA,2025-06-19,16:52,4.6,1.05,1.19,Centro ,44.0,Tarjeta
VJ002912,PATINETA,2025-07-26,06:02,12.0,1.93,1.41,SAMBORONDON,28.0,BILLETERA DIGITAL
VJ001579,Bici,2025-06-26,18:15,2.4,0.58,0.72,CENTRO,16.0,Efectivo
VJ001246, Bicicleta,2025-08-14,18:35,8.5,1.55,1.83, Norte,18.0,Tarjeta
VJ000903,PATINETA,2025-08-04,08:23,20.1,3.15,2.82,CENTRO,48.0,Efectivo
VJ002705,PATINETA,2025-08-04,03:21,6.3,1.57,1.09,samborondon,23.0,tarjeta
VJ002018,PATINETA,2025-07-13,18:01,4.9,0.99,1.31,Centro,34.0,tarjeta
VJ000609,Patineta,2025-06-12,12:17,14.6,2.17,,CENTRO,19.0,BILLETERA DIGITAL
VJ000634,Scooter,2025-07-05,06:50,10.4,2.66,1.68,NORTE,40.0,efectivo
VJ001737,Bicicleta,2025-08-30,07:13,19.4,4.17,3.31,samborondon,19.0,Billetera digital
VJ001339,bicicleta,2025-07-09,17:49,21.6,3.59,2.93,Centro,,BILLETERA DIGITAL
VJ002929,Bicicleta,2025-06-12,07:26,245.8,1.56,1.41,NORTE,27.0,BILLETERA DIGITAL
VJ002179,Bici,2025-07-12,08:17,15.3,-2.0,2.67,norte,34.0,Billetera digital
VJ001971,Bici,2025-08-28,09:55,1.8,0.24,0.63,,20.0,tarjeta
VJ002981,Scooter,2025-08-04,14:23,26.2,4.14,3.45,Centro,28.0,Efectivo
VJ002845,patineta,2025-07-09,20:53,14.6,2.11,1.96,samborondon,38.0,Efectivo
VJ000655,Bicicleta,2025-08-19,17:05,6.4,1.34,1.1,CENTRO,41.0,tarjeta
VJ001635, Patineta,2025-07-01,07:47,9.7,2.03,2.12,Samborondón,28.0,Tarjeta
VJ001666,bicicleta,2025-07-09,08:14,12.9,1.9,1.46,NORTE,25.0,BILLETERA DIGITAL
VJ001690,PATINETA,2025-07-27,07:52,20.6,3.48,3.71,Centro,41.0,Tarjeta
VJ002996,Bicicleta,2025-07-23,18:58,12.8,2.88,1.91,SUR,45.0,Billetera Digital
VJ002722, Patineta,2025-06-27,00:58,8.7,2.33,1.37,Samborondon,16.0,tarjeta
VJ001486,bicicleta,2025-06-28,12:32,11.3,2.26,1.62, Norte,33.0,Billetera Digital
VJ002075,Bici,2025-07-15,08:30,15.1,3.39,2.26,CENTRO,25.0,tarjeta
VJ000034,BICICLETA,2025-06-10,19:00,12.7,3.07,1.28,SAMBORONDON,26.0,Billetera Digital
VJ000422, Patineta,2025-06-08,14:41,21.4,4.09,3.31, Norte,20.0,BILLETERA DIGITAL
VJ000102,Bici,2025-08-01,08:11,18.7,4.06,3.12,SUR,25.0,Tarjeta
VJ000358,Patineta,2025-08-15,12:38,8.5,1.15,1.33,Samborondón,51.0,EFECTIVO
VJ000244,Bicicleta,2025-08-12,19:28,11.5,0.0,1.44,Norte,38.0,Tarjeta
VJ001204, Bicicleta,2025-06-04,18:40,1.2,0.28,0.63,Sur,38.0,Billetera digital
VJ001906,patineta,2025-08-13,07:34,16.3,3.6,2.85, Norte,34.0,Tarjeta
VJ000474,Bici,2025-07-15,02:49,1.3,0.22,1.19,Centro ,24.0,Billetera digital
VJ002993,PATINETA,2025-08-14,07:05,6.5,1.06,1.31,Samborondon,,Tarjeta
VJ001533,Scooter,2025-06-06,09:13,13.4,2.53,1.91,Centro,47.0,
VJ002796, Bicicleta,2025-07-01,20:09,17.5,3.06,2.7,sur,31.0,Tarjeta
VJ000382,Scooter,2025-08-17,17:59,13.1,2.07,1.97,SUR,27.0,BILLETERA DIGITAL
VJ000478,Bicicleta,2025-07-10,09:34,7.7,1.88,,Centro,16.0,Billetera digital
VJ001972,Patineta,2025-06-18,18:13,11.7,1.64,2.1,Centro ,36.0,efectivo
VJ002813,Patineta,2025-06-01,13:22,12.8,3.03,2.16,Samborondon,16.0,Billetera digital
VJ001196,PATINETA,2025-06-11,07:47,4.6,1.14,0.9,Centro,23.0,tarjeta
VJ001980,Bicicleta,2025-07-30,11:01,16.4,3.46,2.54,Centro ,48.0,TARJETA
VJ001909,Bicicleta,2025-06-21,16:17,20.4,3.61,3.34, Norte,21.0,Tarjeta
VJ002643,bicicleta,2025-07-29,07:18,230.2,2.95,,sur,31.0,Efectivo
VJ000250,bicicleta,2025-06-30,08:15,12.7,2.85,1.94,Norte,36.0,
VJ001544,Patineta,2025-07-02,20:00,16.5,3.44,2.32,CENTRO,16.0,Tarjeta
VJ002401, Bicicleta,2025-06-16,07:37,9.1,2.1,1.52,samborondon,22.0,TARJETA
VJ000629,bicicleta,2025-07-21,11:37,11.9,1.8,1.91,NORTE,26.0,efectivo
VJ000209,Bici,2025-06-08,12:54,11.3,2.59,1.68,samborondon,23.0,TARJETA
VJ002317,BICICLETA,2025-06-28,22:43,7.4,1.83,1.42,SAMBORONDON,28.0,TARJETA
VJ001572, Patineta,2025-07-26,03:02,15.8,3.99,,CENTRO,36.0,TARJETA
VJ001338,bicicleta,2025-08-10,16:57,13.9,3.32,2.1,Samborondón,33.0,Efectivo
VJ001143,PATINETA,2025-08-21,06:03,9.6,2.5,1.4,centro,33.0,efectivo
VJ000160,Bici,2025-07-10,12:45,8.2,1.41,1.6,Samborondón,40.0,EFECTIVO
VJ000112,BICICLETA,2025-08-18,07:29,20.4,3.06,3.25,Centro ,19.0,TARJETA
VJ000305,bicicleta,2025-07-11,13:48,448.3,1.99,2.0,SAMBORONDON,28.0,EFECTIVO
VJ001580,bicicleta,2025-07-15,16:40,3.9,0.65,1.01,centro,29.0,efectivo
VJ002584,Bicicleta,2025-08-05,10:00,8.6,2.14,,Norte,25.0,TARJETA
VJ002957,Bicicleta,2025-08-29,11:31,24.5,3.45,3.24,SUR,32.0,EFECTIVO
VJ001262, Bicicleta,2025-06-03,16:25,22.1,4.56,2.9,centro,29.0,TARJETA
VJ001799,Bici,2025-08-08,14:26,6.8,1.81,1.72,NORTE,35.0,Tarjeta
VJ000689,PATINETA,2025-06-10,07:28,10.6,2.19,1.39,,35.0,BILLETERA DIGITAL
VJ002506,Bici,2025-07-08,20:32,5.1,1.31,0.84,Samborondón,35.0,TARJETA
VJ001032,bicicleta,2025-06-09,10:32,9.8,-0.5,1.78,Norte,39.0,efectivo
VJ000810,Bici,2025-07-25,14:03,17.8,2.8,,CENTRO,24.0,Tarjeta
VJ001608,bicicleta,2025-08-13,19:10,12.1,2.36,1.69,Centro,35.0,EFECTIVO
VJ002237, Bicicleta,2025-07-06,15:05,8.0,1.82,1.07,Centro ,16.0,EFECTIVO
VJ001734,bicicleta,2025-06-29,17:01,12.4,1.99,,centro,22.0,Efectivo
VJ002523,Scooter,2025-08-03,04:31,21.5,4.1,3.7,Centro ,31.0,billetera digital
VJ001391, Bicicleta,2025-08-09,11:10,17.4,2.85,2.81,samborondon,36.0,Billetera Digital
VJ002764, Bicicleta,2025-06-21,22:55,14.0,3.28,,Sur,16.0,Billetera digital
VJ002104,Bicicleta,2025-07-19,15:29,6.3,1.3,1.01, Norte,36.0,Billetera digital
VJ001476,Bicicleta,2025-08-29,08:47,12.8,1.94,2.07,CENTRO,34.0,EFECTIVO
VJ002980,patineta,2025-08-22,12:19,7.8,1.56,1.45,norte,28.0,billetera digital
VJ001222,Bicicleta,2025-06-01,20:40,17.2,3.62,2.16,SAMBORONDON,31.0,Tarjeta
VJ000397,Scooter,2025-06-14,06:45,14.8,3.12,2.4,samborondon,21.0,Billetera digital
VJ001797,patineta,2025-06-04,00:24,7.6,1.47,1.85,Centro,16.0,TARJETA
VJ002516,Patineta,2025-08-24,18:48,5.3,0.74,0.67,Samborondón,27.0,tarjeta
VJ002881, Bicicleta,2025-07-13,13:14,25.3,4.74,3.67,NORTE,20.0,EFECTIVO
VJ002831,bicicleta,2025-06-15,14:25,5.2,1.08,0.4,Samborondón,22.0,TARJETA
VJ002297,Bici,2025-08-13,10:36,14.8,3.23,2.37,Sur,28.0,Tarjeta
VJ001639,PATINETA,2025-08-20,10:44,13.8,3.59,2.36,NORTE,43.0,TARJETA
VJ002307,bicicleta,2025-06-29,16:30,11.6,1.97,2.29,sur,41.0,Billetera digital
VJ000807,PATINETA,2025-06-02,08:47,17.6,3.18,2.33,CENTRO,26.0,Tarjeta
VJ002393,bicicleta,2025-06-20,08:03,8.6,2.19,1.26,Centro ,22.0,
VJ000184,PATINETA,2025-06-22,14:09,6.4,1.61,1.49,NORTE,30.0,TARJETA
VJ000076, Patineta,2025-08-04,18:04,16.6,2.43,2.39,Centro ,48.0,billetera digital
VJ001366, Bicicleta,2025-07-03,20:21,11.1,1.6,,Sur,39.0,Tarjeta
VJ000720,BICICLETA,2025-06-13,19:38,15.2,3.5,2.17,sur,30.0,tarjeta
VJ000791,bicicleta,2025-06-14,09:44,13.4,2.13,2.34,Norte,29.0,EFECTIVO
VJ000122, Bicicleta,2025-06-26,09:29,15.5,2.9,2.37,Centro ,21.0,BILLETERA DIGITAL
VJ001661, Bicicleta,2025-06-27,20:45,18.9,3.15,2.58,centro,32.0,Tarjeta
VJ000026,Patineta,2025-06-06,12:09,1.0,0.1,,NORTE,,EFECTIVO
VJ001455,Patineta,2025-07-22,06:50,32.5,4.98,4.95, Norte,28.0,EFECTIVO
VJ002605,Bicicleta,2025-07-24,08:53,10.6,1.97,1.16,centro,29.0,efectivo
VJ002853, Patineta,2025-07-07,05:15,15.4,3.07,2.69,SAMBORONDON,27.0,Tarjeta
VJ001893,patineta,2025-06-14,07:21,13.8,2.09,2.15,Samborondón,37.0,Efectivo
VJ000561,BICICLETA,2025-08-29,07:53,11.6,2.75,2.53,NORTE,30.0,efectivo
VJ000820,patineta,2025-07-29,07:47,8.1,1.8,1.58,Centro,,TARJETA
VJ000466, Patineta,2025-06-02,16:40,9.7,2.31,1.56,CENTRO,39.0,Billetera digital
VJ002933,Scooter,2025-07-03,06:09,19.4,4.64,2.44,CENTRO,42.0,TARJETA
VJ001321,Bici,2025-07-22,07:53,9.1,1.37,1.97,NORTE,5.0,BILLETERA DIGITAL
VJ001827, Bicicleta,2025-07-24,21:58,15.6,2.46,2.62,SAMBORONDON,20.0,Tarjeta
VJ001561,Patineta,2025-08-13,14:20,29.8,4.68,4.05,Sur,46.0,billetera digital
VJ001607,PATINETA,2025-08-27,18:39,19.2,3.41,2.58, Norte,49.0,Tarjeta
VJ001104,Scooter,2025-06-24,08:05,18.4,4.8,2.75,Centro ,24.0,Billetera Digital
VJ000407,Patineta,2025-07-06,06:30,17.2,3.55,2.52,Centro,32.0,TARJETA
VJ002310,Bici,2025-08-19,10:06,4.0,0.78,1.05,NORTE,35.0,TARJETA
VJ002199,Bici,2025-08-08,05:22,23.2,3.76,3.32,SAMBORONDON,23.0,tarjeta
VJ002632,Patineta,2025-07-17,18:29,8.9,2.28,1.36, Norte,24.0,BILLETERA DIGITAL
VJ000838, Patineta,2025-06-15,22:08,6.6,1.72,1.19,centro,23.0,EFECTIVO
VJ001448,patineta,2025-07-24,13:25,15.3,3.75,2.54,norte,,Tarjeta
VJ001287,PATINETA,2025-06-14,21:07,12.9,3.07,2.2,CENTRO,32.0,Tarjeta
VJ000116,Patineta,2025-08-15,06:26,18.5,3.5,2.73,CENTRO,29.0,billetera digital
VJ002515,bicicleta,2025-06-23,06:01,16.6,3.12,2.48,CENTRO,29.0,Tarjeta
VJ001584,Scooter,2025-07-31,10:06,13.1,2.34,2.1,centro,26.0,Billetera Digital
VJ000226,patineta,2025-07-03,06:41,28.3,4.09,4.25, Norte,16.0,TARJETA
VJ001177,Bici,2025-08-16,17:07,1.0,0.1,0.6,Samborondón,46.0,Tarjeta
VJ000012,Bicicleta,2025-08-03,19:25,15.0,3.36,2.67, Norte,95.0,Tarjeta
VJ002874,Bici,2025-08-30,07:35,16.3,3.86,2.89,NORTE,16.0,Billetera digital
VJ001532,patineta,2025-06-14,14:52,9.8,2.19,1.77,Centro,48.0,tarjeta
VJ000925,Bici,2025-08-22,10:49,11.4,2.15,1.48,Sur,28.0,Billetera digital
VJ000840,bicicleta,2025-06-18,21:36,11.6,2.56,1.66, Norte,27.0,TARJETA
VJ001586,Patineta,2025-06-15,16:36,15.7,3.72,,Centro,36.0,Tarjeta
VJ000729,patineta,2025-07-26,18:11,13.5,2.65,2.29,NORTE,16.0,TARJETA
VJ000243,BICICLETA,2025-08-28,12:54,23.1,5.03,3.24,,19.0,tarjeta
VJ001425, Patineta,2025-08-13,00:36,11.7,3.02,2.2,Centro ,31.0,TARJETA
VJ000392,Bicicleta,2025-07-02,08:02,17.1,4.23,2.56,SUR,48.0,billetera digital
VJ002026,patineta,2025-07-15,07:45,12.2,2.4,2.15,Centro ,49.0,tarjeta
VJ001231,patineta,2025-08-15,21:11,16.8,3.87,2.44,SUR,28.0,TARJETA
VJ000858,bicicleta,2025-07-23,16:15,6.7,1.46,1.36,samborondon,32.0,TARJETA
VJ002911, Patineta,2025-06-23,10:11,6.5,1.36,1.25,norte,31.0,tarjeta
VJ000211, Bicicleta,2025-06-30,08:46,5.9,1.19,1.29,Samborondon,29.0,tarjeta
VJ001291,patineta,2025-07-09,22:26,3.1,0.69,0.98,norte,32.0,tarjeta
VJ002999,patineta,2025-06-02,07:51,15.1,2.07,2.45,norte,38.0,TARJETA
VJ002123,BICICLETA,2025-06-21,18:23,4.7,1.2,0.85, Norte,44.0,EFECTIVO
VJ001526,Patineta,2025-08-24,22:18,8.1,1.7,1.35,Centro ,38.0,TARJETA
VJ000500,PATINETA,2025-08-13,20:19,15.9,2.85,2.98, Norte,36.0,Tarjeta
VJ002973,PATINETA,2025-06-12,17:09,11.9,2.68,1.88,Centro ,20.0,Billetera digital
VJ001988,bicicleta,2025-07-23,08:05,11.9,2.36,2.48,samborondon,24.0,Billetera digital
VJ000002, Patineta,2025-08-09,23:40,2.5,0.61,,norte,35.0,Billetera Digital
VJ000522,Bici,2025-06-27,06:42,1.0,0.1,0.76, Norte,49.0,efectivo
VJ001241,BICICLETA,2025-08-14,09:07,18.8,2.84,2.79,NORTE,19.0,efectivo
VJ001617,patineta,2025-08-29,08:51,12.1,2.23,1.86,NORTE,40.0,tarjeta
VJ001877,Bicicleta,2025-06-18,18:20,11.2,1.95,1.92,Norte,29.0,tarjeta
VJ002379,Patineta,2025-08-15,20:09,18.7,4.29,2.69,Norte,23.0,Billetera Digital
VJ001171,Scooter,2025-07-28,08:36,25.0,3.4,3.08,Norte,21.0,Tarjeta
VJ002923,Bici,2025-06-09,11:52,11.6,2.31,1.81,Sur,26.0,efectivo
VJ001611,Bici,2025-08-15,05:21,2.6,0.68,0.3,Norte,35.0,tarjeta
VJ002701,Patineta,2025-06-24,19:20,10.2,1.8,1.51,centro,25.0,EFECTIVO
VJ000783, Patineta,2025-08-21,20:14,25.4,3.44,3.8,Sur,38.0,BILLETERA DIGITAL
VJ000754,Scooter,2025-07-29,18:45,18.6,3.25,2.29,SAMBORONDON,36.0,billetera digital
VJ000099,Bicicleta,2025-06-03,05:34,15.1,3.66,2.06,norte,23.0,TARJETA
VJ002241,BICICLETA,2025-06-29,18:26,10.1,1.91,1.5,Sur,39.0,
VJ000972, Patineta,2025-06-08,12:30,26.3,3.63,4.0,Samborondón,27.0,Efectivo
VJ002504,bicicleta,2025-08-28,08:29,10.1,1.63,2.2,Norte,48.0,TARJETA
VJ000555,Bicicleta,2025-08-23,23:23,7.7,1.57,1.42,Norte,17.0,Tarjeta
VJ000240,bicicleta,2025-08-23,19:58,13.9,2.53,2.65,SUR,30.0,TARJETA
VJ000970,patineta,2025-06-02,12:49,6.5,1.37,1.11,centro,31.0,tarjeta
VJ000257, Patineta,2025-06-01,19:16,10.8,2.77,1.33,CENTRO,38.0,tarjeta
VJ001731,bicicleta,2025-08-02,19:24,11.9,2.69,2.2,Centro ,31.0,
VJ001711,Patineta,2025-08-28,07:04,11.8,2.32,2.09,sur,36.0,tarjeta
VJ001065, Bicicleta,2025-07-18,15:51,16.3,3.34,2.88,centro,16.0,billetera digital
VJ001546,BICICLETA,2025-06-10,07:39,9.4,2.4,1.92, Norte,21.0,TARJETA
VJ000640,bicicleta,2025-07-11,07:44,10.5,2.73,1.49,Centro,24.0,tarjeta
VJ000295,patineta,2025-08-19,06:22,14.0,2.0,2.53,Centro,25.0,Billetera Digital
VJ000752,bicicleta,2025-07-27,07:25,10.7,1.45,1.46,Sur,39.0,Billetera digital
VJ000352,Bici,2025-07-29,12:38,21.0,5.37,2.74,Sur,34.0,TARJETA
VJ001225,patineta,2025-07-18,20:04,7.4,1.39,1.09,SAMBORONDON,19.0,Efectivo
VJ002282,patineta,2025-07-08,15:37,9.9,2.26,1.97,NORTE,28.0,TARJETA
VJ001613, Bicicleta,2025-06-13,08:44,7.7,1.59,1.72,SAMBORONDON,26.0,TARJETA
VJ001479,PATINETA,2025-07-20,18:05,6.6,1.49,0.83,samborondon,39.0,TARJETA
VJ001616,Scooter,2025-06-17,16:35,17.5,2.74,2.69,centro,57.0,Tarjeta
VJ001871, Patineta,2025-06-08,06:22,13.2,2.95,2.42,SUR,29.0,tarjeta
VJ002469,Bicicleta,2025-08-07,16:22,9.8,1.94,1.7,SUR,37.0,Efectivo
VJ000579,patineta,2025-06-30,07:54,13.7,2.64,2.25, Norte,48.0,Tarjeta
VJ001802,BICICLETA,2025-07-17,00:51,13.7,3.34,186.54,CENTRO,18.0,efectivo
VJ001819,bicicleta,2025-07-24,18:13,20.1,4.39,2.75,centro,19.0,Tarjeta
VJ001824,bicicleta,2025-07-19,16:58,10.6,1.86,1.4,Centro ,32.0,tarjeta
VJ001220,Patineta,2025-06-09,07:18,26.8,4.45,3.82,Centro,33.0,Billetera digital
VJ000023,bicicleta,2025-06-23,08:20,8.4,2.18,1.26,Samborondón,39.0,BILLETERA DIGITAL
VJ000030,patineta,2025-06-26,18:11,17.3,3.54,3.07, Norte,20.0,TARJETA
VJ001942,Patineta,2025-08-20,21:20,16.2,2.85,2.68,sur,30.0,tarjeta
VJ000660,PATINETA,2025-06-13,08:15,28.1,4.51,3.91,Centro ,39.0,TARJETA
VJ002915, Patineta,2025-08-24,08:03,6.9,0.99,1.18,Centro,34.0,tarjeta
VJ002165, Bicicleta,2025-07-22,09:55,2.3,0.5,0.69,CENTRO,34.0,billetera digital
VJ000193,bicicleta,2025-06-13,05:55,21.1,3.12,3.26,Centro,28.0,efectivo
VJ002522,PATINETA,2025-07-04,09:34,9.3,1.56,1.53,CENTRO,34.0,TARJETA
VJ001130,bicicleta,2025-07-09,17:00,9.2,2.16,1.23,norte,20.0,Tarjeta
VJ002524,Patineta,2025-08-09,07:42,186.5,2.81,2.54,SUR,17.0,Billetera Digital
VJ001273, Bicicleta,2025-07-20,10:03,10.0,1.81,173.6,Centro,21.0,efectivo
VJ002785, Bicicleta,2025-08-22,10:36,4.1,1.08,1.35,,18.0,Tarjeta
VJ001008, Patineta,2025-06-29,16:32,27.8,5.32,3.85,SUR,39.0,BILLETERA DIGITAL
VJ002547,patineta,2025-06-25,17:42,14.7,3.89,2.44,Samborondón,27.0,TARJETA
VJ002659,Bicicleta,2025-06-29,22:10,21.1,3.43,3.55,NORTE,24.0,Billetera digital
VJ001598,bicicleta,2025-08-27,12:46,19.7,3.38,3.07,CENTRO,20.0,Tarjeta
VJ002251, Patineta,2025-07-04,19:58,16.2,2.67,2.05,CENTRO,17.0,Efectivo
VJ000057,Bici,2025-08-13,19:11,14.2,2.82,2.34,centro,23.0,TARJETA
VJ002461,PATINETA,2025-08-27,19:39,13.3,2.55,1.92,Centro ,29.0,efectivo
VJ000030,patineta,2025-06-26,18:11,17.3,3.54,3.07, Norte,20.0,TARJETA
VJ002687,bicicleta,2025-07-21,14:36,15.5,2.4,2.41,SUR,26.0,billetera digital
VJ002202,Bicicleta,2025-07-28,12:25,1.0,0.1,0.3,Centro,31.0,Billetera digital
VJ000932, Bicicleta,2025-08-13,12:54,12.0,2.51,1.98,NORTE,30.0,TARJETA
VJ000908,patineta,2025-07-29,14:38,14.5,3.1,2.58,Samborondon,45.0,BILLETERA DIGITAL
VJ002751,Bici,2025-07-18,18:00,12.5,2.9,2.13, Norte,40.0,tarjeta
VJ000153, Bicicleta,2025-07-06,07:06,14.6,3.06,2.76,,22.0,billetera digital
VJ000463,bicicleta,2025-06-10,08:27,10.9,2.34,1.35,Centro,26.0,tarjeta
VJ000210,Patineta,2025-08-09,16:11,1.0,0.1,0.37,CENTRO,30.0,Tarjeta
VJ000092,PATINETA,2025-08-15,18:01,22.3,3.13,2.95, Norte,16.0,Billetera digital
VJ002672,Bici,2025-07-17,12:00,8.6,2.13,1.15,,32.0,TARJETA
VJ000850, Patineta,2025-08-20,17:02,17.6,4.18,2.61,Norte,36.0,efectivo
VJ001095, Patineta,2025-08-18,19:06,11.2,1.54,1.72,Centro ,16.0,tarjeta
VJ002782,BICICLETA,2025-06-09,18:55,9.5,1.54,1.52,Sur,16.0,TARJETA
VJ001247, Bicicleta,2025-07-03,01:22,2.4,0.63,0.97,SUR,47.0,Efectivo
VJ000523,Bicicleta,2025-06-08,07:38,13.3,2.83,2.56,centro,,TARJETA
VJ001658, Patineta,2025-07-29,06:52,8.4,1.93,1.98,centro,36.0,BILLETERA DIGITAL
VJ001139,Scooter,2025-08-01,11:35,19.4,3.39,2.79,Centro,24.0,Tarjeta
VJ000114,patineta,2025-06-26,03:02,3.1,0.81,1.04,Norte,33.0,billetera digital
VJ000296, Patineta,2025-07-06,18:11,15.9,2.72,2.46,samborondon,38.0,TARJETA
VJ001729,BICICLETA,2025-07-18,18:30,5.9,1.01,1.46,CENTRO,24.0,Billetera digital
VJ002624, Bicicleta,2025-06-25,19:53,3.9,0.97,0.5,CENTRO,27.0,TARJETA
VJ002341, Bicicleta,2025-06-28,16:16,13.5,2.78,1.99,Norte,44.0,TARJETA
VJ002349,patineta,2025-08-17,17:45,3.8,0.65,0.88,SAMBORONDON,16.0,efectivo
VJ002657,PATINETA,2025-06-10,13:54,12.3,3.06,1.97,SUR,,TARJETA
VJ002131,Patineta,2025-07-18,20:14,16.0,2.71,1.58,Samborondón,22.0,TARJETA
VJ002130, Bicicleta,2025-08-15,16:34,2.3,0.39,1.27,centro,,EFECTIVO
VJ000965,Patineta,2025-07-12,10:52,23.3,3.92,3.05,CENTRO,24.0,TARJETA
VJ000841,Scooter,2025-07-20,13:33,22.2,2.96,3.52, Norte,110.0,TARJETA
VJ002746, Patineta,2025-08-08,14:35,1.0,0.1,0.35,NORTE,17.0,Billetera digital
VJ000309,PATINETA,2025-07-24,20:29,6.6,1.65,0.74,SUR,28.0,Billetera digital
VJ002772,Scooter,2025-07-02,19:24,1.2,0.3,0.3,Norte,28.0,BILLETERA DIGITAL
VJ002260,patineta,2025-06-01,05:21,10.3,1.49,1.34,samborondon,33.0,EFECTIVO
VJ002178, Bicicleta,2025-06-20,05:24,1.6,0.23,0.71,NORTE,16.0,EFECTIVO
VJ000029,PATINETA,2025-06-01,11:27,19.8,4.5,3.22,NORTE,26.0,Tarjeta
VJ002698,Bicicleta,2025-06-02,19:32,15.8,3.31,195.3,Sur,16.0,TARJETA
VJ002533,bicicleta,2025-07-19,10:17,4.6,1.16,1.05,Centro,44.0,efectivo
VJ002968,bicicleta,2025-08-30,18:54,20.4,2.9,2.96,NORTE,34.0,EFECTIVO
VJ000213,Bicicleta,2025-06-08,15:01,11.9,2.69,1.46,Centro,41.0,tarjeta
VJ002088,patineta,2025-07-08,20:54,14.0,2.19,2.33,samborondon,24.0,EFECTIVO
VJ000412,PATINETA,2025-06-14,19:32,18.4,3.23,2.84,sur,25.0,EFECTIVO
VJ001233,Bicicleta,2025-06-12,19:26,2.2,0.56,0.48,Centro,41.0,Tarjeta
VJ001491, Bicicleta,2025-07-01,07:39,12.2,2.04,161.91,Norte,26.0,efectivo
VJ000133,bicicleta,2025-08-30,17:32,8.0,1.7,1.14, Norte,28.0,Billetera digital
VJ002525,Bici,2025-06-21,02:21,18.4,3.7,2.4,SUR,40.0,Efectivo
VJ002603, Bicicleta,2025-08-25,11:28,20.9,4.79,3.19,CENTRO,25.0,efectivo
VJ000108,Bicicleta,2025-07-19,14:41,8.4,1.3,1.34,Centro ,,tarjeta
VJ002215,PATINETA,2025-08-12,08:48,2.8,0.6,1.19,CENTRO,35.0,Tarjeta
VJ000679, Bicicleta,2025-08-17,13:03,2.6,0.6,1.11,norte,29.0,billetera digital
VJ000743,bicicleta,2025-07-29,08:46,15.5,3.02,,Centro ,28.0,Billetera digital
VJ001896,BICICLETA,2025-08-19,00:52,7.1,1.22,1.63,centro,31.0,billetera digital
VJ001605,Bici,2025-07-11,07:19,11.3,2.2,2.27,Sur,24.0,efectivo
VJ000757,Scooter,2025-06-17,20:22,8.5,2.08,1.5,Centro,30.0,Tarjeta
VJ000829,Bicicleta,2025-08-30,13:07,12.7,3.28,1.68,NORTE,34.0,Efectivo
VJ002196, Patineta,2025-06-16,09:31,21.0,3.08,3.26, Norte,35.0,Tarjeta
VJ000983,PATINETA,2025-06-01,06:55,10.0,2.39,1.96,Centro ,25.0,TARJETA
VJ000643,Bici,2025-06-15,20:15,22.2,4.53,3.46,NORTE,35.0,Tarjeta
VJ000129,patineta,2025-07-22,11:00,6.8,1.27,0.78,centro,34.0,TARJETA
VJ000825,patineta,2025-08-03,12:31,6.2,0.84,1.53, Norte,,Billetera digital
VJ000622,bicicleta,2025-07-13,17:52,6.1,1.28,1.57,centro,44.0,Tarjeta
VJ001461,BICICLETA,2025-06-17,07:10,13.7,3.51,2.29,NORTE,25.0,efectivo
VJ001050,Bici,2025-06-01,15:00,9.0,1.25,1.68,CENTRO,16.0,Tarjeta
VJ002556,bicicleta,2025-08-11,00:37,30.5,4.92,3.95,NORTE,37.0,Tarjeta
VJ000246,Scooter,2025-06-03,14:41,23.9,4.22,3.62,samborondon,30.0,TARJETA
VJ002407, Bicicleta,2025-08-31,08:35,13.6,2.93,2.5,Centro,23.0,billetera digital
VJ000560,bicicleta,2025-07-02,05:32,19.3,3.99,2.75,Centro,16.0,BILLETERA DIGITAL
VJ001123,BICICLETA,2025-08-07,13:24,13.6,-0.5,1.83,samborondon,28.0,Billetera Digital
VJ002786, Patineta,2025-08-10,19:37,17.4,3.76,2.74,SAMBORONDON,41.0,TARJETA
VJ002745,bicicleta,2025-06-24,18:06,12.6,3.19,1.78,SAMBORONDON,37.0,Efectivo
VJ000288, Patineta,2025-07-22,20:58,11.6,2.53,2.11,Centro ,33.0,Tarjeta
VJ001206,Patineta,2025-07-05,22:37,19.4,4.56,2.85,Centro ,43.0,Tarjeta
VJ002175, Bicicleta,2025-06-02,06:34,2.2,0.52,0.47,Centro,23.0,Billetera digital
VJ002496,bicicleta,2025-06-15,11:49,10.1,2.6,1.7,sur,27.0,TARJETA
VJ000024,Scooter,2025-08-04,17:56,12.8,2.65,1.75,Centro ,95.0,TARJETA
VJ001411,Bici,2025-06-26,06:22,11.4,2.97,1.66,CENTRO,29.0,Tarjeta
VJ000255,bicicleta,2025-08-21,11:08,24.6,3.4,4.46,Norte,30.0,tarjeta
VJ001260,Patineta,2025-07-21,15:29,20.2,3.84,3.1,centro,22.0,efectivo
VJ000048,patineta,2025-06-16,09:33,1.0,0.1,0.85,Sur,35.0,efectivo
VJ000291,Patineta,2025-08-16,16:45,35.8,5.53,4.59,Centro,39.0,Tarjeta
VJ002631,Scooter,2025-06-25,01:51,2.9,0.75,, Norte,95.0,Billetera Digital
VJ001103,Scooter,2025-07-25,08:10,13.3,1.98,2.41,Centro,23.0,efectivo
VJ000711,patineta,2025-06-07,19:55,12.5,1.86,1.86,norte,36.0,Tarjeta
VJ002332, Patineta,2025-08-31,16:29,23.1,3.85,3.77,CENTRO,24.0,Tarjeta
VJ000788, Patineta,2025-08-23,05:06,11.4,2.3,,norte,38.0,Billetera digital
VJ000214,Scooter,2025-08-15,19:31,27.2,4.8,3.24,Samborondón,49.0,EFECTIVO
VJ000441,PATINETA,2025-06-05,14:18,21.3,4.04,3.44,Centro ,39.0,TARJETA
VJ000929,Bicicleta,2025-06-25,12:56,13.1,2.13,2.03,Samborondón,26.0,TARJETA
VJ002351,bicicleta,2025-06-13,04:31,11.0,1.74,1.75,Norte,33.0,Billetera digital
VJ002451,Bici,2025-07-28,09:56,10.1,2.13,1.77,Sur,35.0,TARJETA
VJ001817,Bici,2025-06-22,18:07,15.7,2.7,2.21,Samborondón,41.0,TARJETA
VJ001354,Scooter,2025-08-06,19:09,22.1,3.69,3.27,SAMBORONDON,25.0,Tarjeta
VJ001188,bicicleta,2025-06-21,19:03,12.3,2.65,1.45,centro,30.0,EFECTIVO
VJ001221, Bicicleta,2025-06-24,10:34,10.7,1.9,1.46,,16.0,TARJETA
VJ002714,Patineta,2025-08-12,19:40,14.3,2.17,236.65,Centro ,26.0,tarjeta
VJ000483,bicicleta,2025-07-31,12:14,18.6,3.49,3.18,Norte,26.0,TARJETA
VJ002011,PATINETA,2025-07-11,07:12,18.5,3.53,2.67,Norte,34.0,Billetera Digital
VJ000614,PATINETA,2025-06-09,09:47,11.7,2.68,1.91, Norte,21.0,TARJETA
VJ000877,Scooter,2025-06-14,11:27,21.5,4.11,3.13,Centro,110.0,efectivo
VJ002310,Bici,2025-08-19,10:06,4.0,0.78,1.05,NORTE,35.0,TARJETA
VJ002368,bicicleta,2025-08-12,20:54,12.0,3.0,2.54,NORTE,17.0,BILLETERA DIGITAL
VJ000110,Bicicleta,2025-07-23,18:55,12.3,3.04,2.46,centro,29.0,Tarjeta
VJ001687, Bicicleta,2025-07-01,19:17,13.4,3.39,2.32,SAMBORONDON,44.0,TARJETA
VJ001814,Bici,2025-08-05,19:46,6.8,1.78,1.4,SAMBORONDON,27.0,Tarjeta
VJ000485,Scooter,2025-08-31,03:44,7.3,1.54,1.38,SAMBORONDON,33.0,Efectivo
VJ001397, Bicicleta,2025-08-13,06:29,184.8,3.7,3.4,Norte,26.0,Billetera Digital
VJ000960,Bici,2025-07-01,07:07,14.7,2.93,2.11,SAMBORONDON,34.0,tarjeta
VJ002835,Bici,2025-06-07,14:52,8.7,1.25,1.63,Norte,31.0,efectivo
VJ001028, Bicicleta,2025-06-28,06:29,8.5,2.01,1.0,Samborondon,36.0,TARJETA
VJ001853,BICICLETA,2025-07-24,06:53,466.2,2.69,2.1,Samborondon,95.0,tarjeta
VJ001932,BICICLETA,2025-08-09,23:43,2.8,0.68,0.96,centro,39.0,efectivo
VJ002854,bicicleta,2025-06-23,14:01,14.0,2.95,1.82,CENTRO,16.0,efectivo
VJ001193,Scooter,2025-08-03,12:53,9.0,2.28,1.21,Samborondon,27.0,TARJETA
VJ002689,patineta,2025-08-27,13:53,24.6,4.23,3.47,centro,34.0,tarjeta
VJ002333,Patineta,2025-08-08,18:57,17.7,2.7,,Centro,40.0,Efectivo
VJ002560,Scooter,2025-06-02,22:35,7.5,1.84,1.37,NORTE,24.0,BILLETERA DIGITAL
VJ002718,patineta,2025-06-13,12:30,16.1,3.09,2.5,centro,44.0,TARJETA
VJ002181,Bici,2025-08-09,06:21,5.9,1.38,1.42,norte,21.0,billetera digital
VJ001460, Bicicleta,2025-06-06,18:54,3.7,0.51,0.72,centro,19.0,EFECTIVO
VJ000695,Scooter,2025-06-09,06:23,9.7,1.63,1.59,sur,43.0,tarjeta
VJ000491, Patineta,2025-07-27,07:03,11.8,1.88,2.21,Centro ,22.0,EFECTIVO
VJ000876,BICICLETA,2025-08-18,18:15,17.0,4.21,133.77,centro,43.0,TARJETA
VJ002345,patineta,2025-08-07,09:42,19.4,3.36,2.91,Centro ,26.0,TARJETA
VJ000697, Patineta,2025-06-07,23:01,12.3,2.71,2.04,Centro,22.0,BILLETERA DIGITAL
VJ001766,patineta,2025-07-11,19:43,1.0,0.1,0.95,Centro ,25.0,Billetera digital
VJ001941,patineta,2025-07-11,14:05,6.7,1.38,1.1,CENTRO,23.0,EFECTIVO
VJ001927,BICICLETA,2025-07-01,20:36,13.6,3.2,2.09,sur,35.0,Efectivo
VJ001402,Bici,2025-07-28,22:56,13.9,3.55,1.88,sur,37.0,tarjeta
VJ001874,bicicleta,2025-08-30,09:36,14.3,2.99,2.55,Centro ,27.0,TARJETA
VJ001663,BICICLETA,2025-07-22,19:43,16.3,3.7,2.29,Samborondón,33.0,Tarjeta
VJ000780,patineta,2025-07-08,07:17,14.7,3.3,2.36,sur,38.0,billetera digital
VJ002306,bicicleta,2025-08-10,16:00,4.0,0.64,0.84,norte,38.0,Efectivo
VJ000804,Bici,2025-06-19,00:33,7.2,1.76,1.54, Norte,28.0,efectivo
VJ000712,PATINETA,2025-08-18,09:51,476.3,3.22,2.14,samborondon,46.0,tarjeta
VJ002059,BICICLETA,2025-06-24,20:42,3.5,0.6,0.62, Norte,39.0,Billetera Digital
VJ000207, Bicicleta,2025-06-18,22:14,17.3,3.01,2.44,Sur,34.0,Efectivo
VJ002480,bicicleta,2025-07-23,11:28,14.7,2.8,2.41,samborondon,37.0,Efectivo
VJ001591,Patineta,2025-06-05,18:13,28.4,5.1,4.34,samborondon,27.0,efectivo
VJ002789, Patineta,2025-07-01,22:20,18.7,3.86,3.07,SUR,21.0,BILLETERA DIGITAL
VJ002876,Patineta,2025-08-11,07:11,9.8,2.15,121.6,,35.0,Tarjeta
VJ002977,bicicleta,2025-08-24,11:58,11.8,2.1,1.98,Norte,28.0,EFECTIVO
VJ002836,PATINETA,2025-08-07,20:44,9.5,2.15,173.25,samborondon,30.0,tarjeta
VJ000173,bicicleta,2025-06-10,20:18,20.7,3.42,3.13,norte,29.0,TARJETA
VJ001142,PATINETA,2025-07-01,06:11,13.2,2.54,, Norte,,
VJ000168,Patineta,2025-06-13,18:48,17.9,4.46,2.69,sur,38.0,Billetera digital
VJ000737,patineta,2025-07-07,21:41,7.1,1.49,0.79,SUR,35.0,Efectivo
VJ000928,Bici,2025-07-25,16:01,10.4,2.67,1.51, Norte,31.0,tarjeta
VJ001318,Bicicleta,2025-06-11,20:34,464.8,0.79,0.84,centro,23.0,tarjeta
VJ002284, Patineta,2025-07-13,14:58,19.6,3.45,2.81,SUR,34.0,TARJETA
VJ002005,Scooter,2025-08-29,18:13,4.3,0.89,0.9,norte,41.0,Tarjeta
VJ000608,PATINETA,2025-06-07,07:50,12.3,2.61,2.5,SAMBORONDON,33.0,BILLETERA DIGITAL
VJ002776, Patineta,2025-08-11,17:41,15.6,3.1,2.55,centro,52.0,tarjeta
